Date,Campaign ID,Campaign name,Campaign budget type,Campaign budget amount,Campaign delivery status,Portfolio name,Portfolio ID,Budget currency,Impressions,Clicks,CTR,CPC,Units sold,Sales,ROAS,Return per thousand impressions,Purchases from clicks,Sales from clicks,Units sold from clicks,Purchases (new to brand),Sales (new to brand),Units sold (new to brand),Percent of sales new to brand
"Jul 06, 2026","=""143418681856266""",SPM|FingerPaint|B0CTHWVRJY|Exact|EV,DAILY_BUDGET,500,ENABLED,No Portfolio,-1,INR,11,0,0.0000%,,0,0.00,,0.00000,0,0.00,0,,,,
"Jul 06, 2026","=""136510731780676""",SPT COMP | EXACT | CRAYONS FABER | EV,DAILY_BUDGET,800,ENABLED,No Portfolio,-1,INR,849,21,2.4735%,12.29333,2,770.82,2.98582,907.91519,2,770.82,2,,,,
"Jul 05, 2026","=""213292163478665""",SPM|Magic Paint Dust |EV,DAILY_BUDGET,425,PAUSED,No Portfolio,-1,INR,405,2,0.4938%,12.38000,0,0.00,0.00000,0.00000,0,0.00,0,,,,
"Jul 04, 2026","=""465213237078364""",SP_PT_Paintbrushes_Alternate Purchase,DAILY_BUDGET,300,PAUSED,Brush,193601647018990,INR,109,3,2.7523%,17.86000,0,0.00,0.00000,0.00000,0,0.00,0,,,,
"Jul 04, 2026","=""117336351694168""",SPM|B0CV1653HN|Phrase|EV,DAILY_BUDGET,600,ENABLED,No Portfolio,-1,INR,31,0,0.0000%,,0,0.00,,0.00000,0,0.00,0,,,,
"Jul 04, 2026","=""42470785252011""",SPM | PHRASE | FINGER PAIND AND BRUSH | EV,DAILY_BUDGET,400,PAUSED,No Portfolio,-1,INR,1087,1,0.0920%,8.22000,0,0.00,0.00000,0.00000,0,0.00,0,,,,
"Jul 05, 2026","=""407135301168055""",SPM_Crayon (Focused),DAILY_BUDGET,800,PAUSED,Crayons EV,168785445729730,INR,822,4,0.4866%,9.04500,0,0.00,0.00000,0.00000,0,0.00,0,,,,
"Jul 04, 2026","=""386094103151385""",SPPT Low selling Asins on Top selling Asins evits,DAILY_BUDGET,750,ENABLED,MIX,97346527170228,INR,96,1,1.0417%,11.84000,0,0.00,0.00000,0.00000,0,0.00,0,,,,
"Jul 06, 2026","=""348337395626859""",SD_On Competitors_EV,DAILY_BUDGET,500,PAUSED,Finger Paints,159287746377553,INR,354,0,0.0000%,,0,0.00,,0.00000,0,0.00,0,0,0.00,0,
"Jul 06, 2026","=""154358744913062""",SPM|Exact|Playdough|EV,DAILY_BUDGET,1300,ENABLED,No Portfolio,-1,INR,1139,16,1.4047%,16.70813,1,560.17,2.09543,491.80860,1,560.17,1,,,,
"Jul 05, 2026","=""545131917929283""",SP_PT_Finger Paint_Alternate Purchase,DAILY_BUDGET,300,PAUSED,Finger Paints,159287746377553,INR,95,2,2.1053%,3.16500,0,0.00,0.00000,0.00000,0,0.00,0,,,,
"Jul 04, 2026","=""207071411420152""",spt comp | exact | doms crayons | ev,DAILY_BUDGET,200,ENABLED,No Portfolio,-1,INR,5,1,20.0000%,7.57000,1,350.48,46.29855,70096.00000,1,350.48,1,,,,
"Jul 05, 2026","=""532504289153383""",SB|PT|EV,DAILY_BUDGET,1600,ENABLED,Finger Paints,159287746377553,INR,7192,39,0.5423%,6.90256,2,1024.29,3.80494,142.42075,2,1024.29,2,2,1024.29,2,100.00
"Jul 06, 2026","=""312963056484974""",SPCT | Refine | Finger Paint | EV,DAILY_BUDGET,1500,PAUSED,Finger Paints,159287746377553,INR,184,0,0.0000%,,0,0.00,,0.00000,0,0.00,0,,,,
"Jul 06, 2026","=""262173269138228""",SPM|FingerPaint|NewKW|EV,DAILY_BUDGET,400,ENABLED,No Portfolio,-1,INR,353,4,1.1331%,19.85000,0,0.00,0.00000,0.00000,0,0.00,0,,,,
"Jul 06, 2026","=""27686010860469""",SPT | COMP | FINGER PAINT | EV,DAILY_BUDGET,400,ENABLED,No Portfolio,-1,INR,488,2,0.4098%,6.67500,0,0.00,0.00000,0.00000,0,0.00,0,,,,
"Jul 05, 2026","=""138409774871727""",spt comp | exact | luxor crayons | ev,DAILY_BUDGET,200,ENABLED,No Portfolio,-1,INR,11,0,0.0000%,,0,0.00,,0.00000,0,0.00,0,,,,
"Jul 05, 2026","=""191665720634014""",SPM | PHRASE | prime day | finger paint | EV,DAILY_BUDGET,2000,PAUSED,No Portfolio,-1,INR,25317,55,0.2172%,21.89218,0,0.00,0.00000,0.00000,0,0.00,0,,,,
"Jul 06, 2026","=""349833362276307""",SPM_Branded_Exact_EV,DAILY_BUDGET,2000,ENABLED,Branded KWs,244185727769582,INR,7695,69,0.8967%,12.45000,11,5721.51,6.66028,743.53606,11,5721.51,11,,,,
"Jul 05, 2026","=""183807700450097""",SPT | self | asins top | ev,DAILY_BUDGET,2000,ENABLED,No Portfolio,-1,INR,775,3,0.3871%,9.41667,1,311.86,11.03929,402.40000,1,311.86,1,,,,
"Jul 04, 2026","=""138409774871727""",spt comp | exact | luxor crayons | ev,DAILY_BUDGET,200,ENABLED,No Portfolio,-1,INR,23,0,0.0000%,,0,0.00,,0.00000,0,0.00,0,,,,
"Jul 04, 2026","=""82853388149346""",Spt comp | PepPlay Store | playdough | ev,DAILY_BUDGET,1000,ENABLED,No Portfolio,-1,INR,533,13,2.4390%,19.11462,0,0.00,0.00000,0.00000,0,0.00,0,,,,
"Jul 04, 2026","=""530692336771591""",SPM | Phrase | Finger Paint | Clolour KW | EV,DAILY_BUDGET,200,PAUSED,Finger Paints,159287746377553,INR,2103,10,0.4755%,10.31700,0,0.00,0.00000,0.00000,0,0.00,0,,,,
"Jul 06, 2026","=""13287456874249""",SBV on Crayons beeswax - pack of 8,DAILY_BUDGET,406,ENABLED,MIX,97346527170228,INR,1618,4,0.2472%,16.90500,1,350.48,5.18308,216.61310,1,350.48,1,1,350.48,1,100.00
"Jul 06, 2026","=""407135301168055""",SPM_Crayon (Focused),DAILY_BUDGET,800,PAUSED,Crayons EV,168785445729730,INR,741,4,0.5398%,8.20250,0,0.00,0.00000,0.00000,0,0.00,0,,,,
"Jul 04, 2026","=""181618713453795""",SPM|Exact-2|FingerPaint|EV,DAILY_BUDGET,425,ENABLED,No Portfolio,-1,INR,1,0,0.0000%,,0,0.00,,0.00000,0,0.00,0,,,,
"Jul 06, 2026","=""80687361895683""",SPM|Phrase|high CTR|FingerpaintEV,DAILY_BUDGET,425,PAUSED,No Portfolio,-1,INR,5,0,0.0000%,,0,0.00,,0.00000,0,0.00,0,,,,
"Jul 06, 2026","=""87156513273619""",SPT|All in one paint kit||EV,DAILY_BUDGET,975,PAUSED,No Portfolio,-1,INR,74,0,0.0000%,,0,0.00,,0.00000,0,0.00,0,,,,
"Jul 06, 2026","=""134140664581910""",SPM|Brush Set|Phrase|EV,DAILY_BUDGET,425,ENABLED,No Portfolio,-1,INR,157,0,0.0000%,,0,0.00,,0.00000,0,0.00,0,,,,
"Jul 04, 2026","=""260740121954175""",SPM|Crayon|Phrase|EV,DAILY_BUDGET,800,ENABLED,No Portfolio,-1,INR,4065,24,0.5904%,17.46208,5,2394.57,5.71374,589.07011,5,2394.57,5,,,,
"Jul 05, 2026","=""497848209454975""",SPA_All In One_EV,DAILY_BUDGET,150,PAUSED,MIX,97346527170228,INR,214,0,0.0000%,,0,0.00,,0.00000,0,0.00,0,,,,
"Jul 06, 2026","=""14266908817652""",SPM|Phrase|PlayDOughAll|EV,DAILY_BUDGET,425,PAUSED,No Portfolio,-1,INR,1646,6,0.3645%,15.27333,0,0.00,0.00000,0.00000,0,0.00,0,,,,
"Jul 05, 2026","=""27686010860469""",SPT | COMP | FINGER PAINT | EV,DAILY_BUDGET,400,ENABLED,No Portfolio,-1,INR,601,1,0.1664%,5.66000,0,0.00,0.00000,0.00000,0,0.00,0,,,,
"Jul 06, 2026","=""82378655260785""",SPM|Apron|EV,DAILY_BUDGET,425,ENABLED,No Portfolio,-1,INR,197,3,1.5228%,8.41333,0,0.00,0.00000,0.00000,0,0.00,0,,,,
"Jul 05, 2026","=""256413311197457""",SPM | PHRASE | Preschool art and craft kit | EV,DAILY_BUDGET,350,ENABLED,No Portfolio,-1,INR,906,6,0.6623%,6.60500,0,0.00,0.00000,0.00000,0,0.00,0,,,,
"Jul 06, 2026","=""275156148338722""",SPM|Phrase|B0CTHWVRJY|Dabble|EV,DAILY_BUDGET,500,PAUSED,No Portfolio,-1,INR,0,0,,,0,0.00,,,0,0.00,0,,,,
"Jul 04, 2026","=""558169419315915""",SPM|Stencil|BrandedKWPhrase|EV,DAILY_BUDGET,300,ENABLED,Stencil,136092957990149,INR,3712,8,0.2155%,12.70000,3,983.04,9.67559,264.82759,3,983.04,3,,,,
"Jul 05, 2026","=""233255998804250""",SPM | COMP | THOOVI | FINGERPAINT | EV,DAILY_BUDGET,400,ENABLED,No Portfolio,-1,INR,3,0,0.0000%,,0,0.00,,0.00000,0,0.00,0,,,,
"Jul 05, 2026","=""29101152381537""",SPM|Crayon|Broad|High|IS|EV,DAILY_BUDGET,425,ENABLED,No Portfolio,-1,INR,1899,27,1.4218%,15.48778,1,877.12,2.09752,461.88520,1,877.12,1,,,,
"Jul 05, 2026","=""212551373579687""",SPM | PHRASE | My ABC Trace & Colour Kit  | EV,DAILY_BUDGET,350,ENABLED,No Portfolio,-1,INR,5,0,0.0000%,,0,0.00,,0.00000,0,0.00,0,,,,
"Jul 06, 2026","=""234981482573654""",SPT|B0B1DT53X9|Market Basket Analysis|EV,DAILY_BUDGET,350,PAUSED,No Portfolio,-1,INR,2,0,0.0000%,,0,0.00,,0.00000,0,0.00,0,,,,
"Jul 05, 2026","=""80687361895683""",SPM|Phrase|high CTR|FingerpaintEV,DAILY_BUDGET,425,PAUSED,No Portfolio,-1,INR,2,0,0.0000%,,0,0.00,,0.00000,0,0.00,0,,,,
"Jul 05, 2026","=""209741811421198""",SD|Audiences likely to be interested in your ad|EV,DAILY_BUDGET,400,PAUSED,No Portfolio,-1,INR,7122,14,0.1966%,5.67857,0,0.00,0.00000,0.00000,0,0.00,0,0,0.00,0,
"Jul 06, 2026","=""159756310600623""",SPT|Colouring Page|EV,DAILY_BUDGET,600,ENABLED,No Portfolio,-1,INR,70,0,0.0000%,,0,0.00,,0.00000,0,0.00,0,,,,
"Jul 05, 2026","=""281300911958416""",SPM|Exact|FingerPaint|New|EV,DAILY_BUDGET,425,ENABLED,No Portfolio,-1,INR,8,0,0.0000%,,0,0.00,,0.00000,0,0.00,0,,,,
"Jul 06, 2026","=""45038153420172""",SPM|Phrase|Bubble|EV,DAILY_BUDGET,425,ENABLED,No Portfolio,-1,INR,20,0,0.0000%,,0,0.00,,0.00000,0,0.00,0,,,,
"Jul 04, 2026","=""294032070490990""",SPM_Non_toxic paints,DAILY_BUDGET,400,PAUSED,Finger Paints,159287746377553,INR,28,1,3.5714%,11.30000,0,0.00,0.00000,0.00000,0,0.00,0,,,,
"Jul 04, 2026","=""29101152381537""",SPM|Crayon|Broad|High|IS|EV,DAILY_BUDGET,425,ENABLED,No Portfolio,-1,INR,1424,26,1.8258%,14.97923,1,350.48,0.89991,246.12360,1,350.48,1,,,,
"Jul 06, 2026","=""111841553039297""",SPM | PHRASE | BRUSH | EV,DAILY_BUDGET,450,PAUSED,No Portfolio,-1,INR,24,0,0.0000%,,0,0.00,,0.00000,0,0.00,0,,,,
"Jul 05, 2026","=""90194087082837""",SPM|Braod|HighIS|FingerPaint\EV,DAILY_BUDGET,1000,ENABLED,No Portfolio,-1,INR,4059,32,0.7884%,27.74375,3,1600.00,1.80221,394.18576,3,1600.00,3,,,,
"Jul 05, 2026","=""266792110500631""",SPT|Self|EV,DAILY_BUDGET,1000,ENABLED,MIX,97346527170228,INR,1554,27,1.7375%,9.41963,2,919.49,3.61534,591.69241,2,919.49,2,,,,
"Jul 06, 2026","=""242931074268465""",SPM|My ABC Trace & Colour Kit |Phrase|EV,DAILY_BUDGET,200,ENABLED,No Portfolio,-1,INR,213,0,0.0000%,,0,0.00,,0.00000,0,0.00,0,,,,
"Jul 05, 2026","=""195661823815868""",SPT | COMP | FLIP FLAP | EV,DAILY_BUDGET,400,PAUSED,No Portfolio,-1,INR,58,0,0.0000%,,0,0.00,,0.00000,0,0.00,0,,,,
"Jul 05, 2026","=""86884225172261""",SPM|MaxCoverage|Finger paint|EV,DAILY_BUDGET,425,ENABLED,No Portfolio,-1,INR,446,1,0.2242%,4.66000,0,0.00,0.00000,0.00000,0,0.00,0,,,,
"Jul 05, 2026","=""265370402119116""",SPM|finger paint|B0CTHWVRJY|EV,DAILY_BUDGET,425,ENABLED,No Portfolio,-1,INR,139,5,3.5971%,23.48000,1,420.34,3.58041,3024.02878,1,420.34,1,,,,
"Jul 05, 2026","=""271054170893709""",SPM|Exaxt|Bubble|EV,DAILY_BUDGET,425,PAUSED,No Portfolio,-1,INR,14,0,0.0000%,,0,0.00,,0.00000,0,0.00,0,,,,
"Jul 06, 2026","=""434873441648837""",SPT|Non-Toxic Finger Paints Pack Of 3|Comp|EV,DAILY_BUDGET,400,PAUSED,Finger Paints,159287746377553,INR,316,4,1.2658%,20.99250,0,0.00,0.00000,0.00000,0,0.00,0,,,,
"Jul 04, 2026","=""255385106500028""",SPT | COMP | BRUSH | EV,DAILY_BUDGET,450,ENABLED,No Portfolio,-1,INR,41,0,0.0000%,,0,0.00,,0.00000,0,0.00,0,,,,
"Jul 04, 2026","=""236659227709469""",SPM|Phrase Dabble|B07T516S4Y|EV,DAILY_BUDGET,500,ENABLED,No Portfolio,-1,INR,337,0,0.0000%,,0,0.00,,0.00000,0,0.00,0,,,,
"Jul 04, 2026","=""34317093851237""",SPT|Crayon||EV,DAILY_BUDGET,500,ENABLED,No Portfolio,-1,INR,1271,2,0.1574%,7.82000,0,0.00,0.00000,0.00000,0,0.00,0,,,,
"Jul 04, 2026","=""157241051545486""",SPM|Phrase|Glue|EV,DAILY_BUDGET,425,PAUSED,No Portfolio,-1,INR,17,0,0.0000%,,0,0.00,,0.00000,0,0.00,0,,,,
"Jul 04, 2026","=""91272998336683""",SPT | COMP | CRAYON | EV,DAILY_BUDGET,400,ENABLED,No Portfolio,-1,INR,86,0,0.0000%,,0,0.00,,0.00000,0,0.00,0,,,,
"Jul 06, 2026","=""213726027817300""",SPT | COMP | GLUE | EV,DAILY_BUDGET,400,ENABLED,No Portfolio,-1,INR,2,0,0.0000%,,0,0.00,,0.00000,0,0.00,0,,,,
"Jul 06, 2026","=""81595854226365""",SPM|Colouring Page|EV,DAILY_BUDGET,425,ENABLED,No Portfolio,-1,INR,1174,9,0.7666%,17.76111,1,420.34,2.62959,358.04089,1,420.34,1,,,,
"Jul 06, 2026","=""7902791986626""",SBV | PT COMP | PLAYDOUGH KIT | EV,DAILY_BUDGET,300,ENABLED,No Portfolio,-1,INR,494,2,0.4049%,9.54000,0,0.00,0.00000,0.00000,0,0.00,0,0,0.00,0,
"Jul 06, 2026","=""373536731066978""",SB Banner Video Paints and crayons Evits,DAILY_BUDGET,600,ENABLED,MIX,97346527170228,INR,827,8,0.9674%,7.92500,1,368.58,5.81357,445.68319,1,368.58,1,1,368.58,1,100.00
"Jul 04, 2026","=""82756575493820""",SPM|Dabble|CrayonSEL-MFN-DC08|EV,DAILY_BUDGET,425,PAUSED,No Portfolio,-1,INR,21,0,0.0000%,,0,0.00,,0.00000,0,0.00,0,,,,
"Jul 05, 2026","=""18450504468378""",SPM|FingerPaint|ExactNewKW-2|EV,DAILY_BUDGET,425,ENABLED,No Portfolio,-1,INR,61,7,11.4754%,21.95857,2,927.12,6.03162,15198.68853,1,927.12,2,,,,
"Jul 06, 2026","=""234611538259472""",SBV|MagicPaint|Test|EV,DAILY_BUDGET,1000,ENABLED,No Portfolio,-1,INR,43,2,4.6512%,8.54500,1,550.00,32.18256,12790.69767,1,550.00,1,1,550.00,1,100.00
"Jul 05, 2026","=""126579192462464""",spt | comp | Funskool Store | ev,DAILY_BUDGET,300,PAUSED,No Portfolio,-1,INR,29,1,3.4483%,10.19000,0,0.00,0.00000,0.00000,0,0.00,0,,,,
"Jul 06, 2026","=""52854135853657""",SB|Banner|PlayDough|EV,DAILY_BUDGET,500,ENABLED,No Portfolio,-1,INR,3546,18,0.5076%,4.68889,1,560.17,6.63709,157.97236,1,560.17,1,1,560.17,1,100.00
"Jul 05, 2026","=""541682884716773""",SPM | Phrase | Finger Paint | Non Toxic KW | EV,DAILY_BUDGET,300,PAUSED,Finger Paints,159287746377553,INR,1,0,0.0000%,,0,0.00,,0.00000,0,0.00,0,,,,
"Jul 05, 2026","=""481395911109105""",SPM|Crayon|SearchtermImpressionshare|EV,DAILY_BUDGET,500,PAUSED,Crayons EV,168785445729730,INR,98,0,0.0000%,,0,0.00,,0.00000,0,0.00,0,,,,
"Jul 04, 2026","=""481395911109105""",SPM|Crayon|SearchtermImpressionshare|EV,DAILY_BUDGET,500,PAUSED,Crayons EV,168785445729730,INR,240,2,0.8333%,11.63500,0,0.00,0.00000,0.00000,0,0.00,0,,,,
"Jul 04, 2026","=""262173269138228""",SPM|FingerPaint|NewKW|EV,DAILY_BUDGET,400,ENABLED,No Portfolio,-1,INR,123,1,0.8130%,8.98000,0,0.00,0.00000,0.00000,0,0.00,0,,,,
"Jul 05, 2026","=""342340840604120""",SPM | KT | Broad | Brand | All Asin | EV,DAILY_BUDGET,650,ENABLED,Branded KWs,244185727769582,INR,261,3,1.1494%,9.39333,0,0.00,0.00000,0.00000,0,0.00,0,,,,
"Jul 06, 2026","=""183807700450097""",SPT | self | asins top | ev,DAILY_BUDGET,2000,ENABLED,No Portfolio,-1,INR,769,7,0.9103%,10.74714,0,0.00,0.00000,0.00000,0,0.00,0,,,,
"Jul 06, 2026","=""97842557108414""",SPM|My First Puzzle|EV,DAILY_BUDGET,425,PAUSED,No Portfolio,-1,INR,1,0,0.0000%,,0,0.00,,0.00000,0,0.00,0,,,,
"Jul 05, 2026","=""178785673020912""",SPM|CrayonPhrase|HighIS|EV,DAILY_BUDGET,425,ENABLED,No Portfolio,-1,INR,1,0,0.0000%,,0,0.00,,0.00000,0,0.00,0,,,,
"Jul 05, 2026","=""59867277809947""",SPM | Finger Paint Defensive KWs |--Evits,DAILY_BUDGET,700,ENABLED,Finger Paints,159287746377553,INR,988,7,0.7085%,19.45000,2,1580.50,11.60852,1599.69636,2,1580.50,2,,,,
"Jul 04, 2026","=""343269127329807""",SPM | Phrase | Bubble | EV,DAILY_BUDGET,300,ENABLED,Bubbles EV,107518603985453,INR,240,2,0.8333%,5.97000,0,0.00,0.00000,0.00000,0,0.00,0,,,,
"Jul 06, 2026","=""121649176852077""",SPM|LowImpression|PlayDough|EV,DAILY_BUDGET,425,PAUSED,No Portfolio,-1,INR,1109,13,1.1722%,13.26077,0,0.00,0.00000,0.00000,0,0.00,0,,,,
"Jul 05, 2026","=""195915006483249""",SB|StoreFront|EV,DAILY_BUDGET,1000,ENABLED,No Portfolio,-1,INR,1025,18,1.7561%,34.27056,0,0.00,0.00000,0.00000,0,0.00,0,0,0.00,0,
"Jul 05, 2026","=""219320864200237""",SPM | top asin | exact | ev,DAILY_BUDGET,425,PAUSED,No Portfolio,-1,INR,2,0,0.0000%,,0,0.00,,0.00000,0,0.00,0,,,,
"Jul 05, 2026","=""140982265020090""",SPT|B07T2W496G|Market Basket Analysis|EV,DAILY_BUDGET,350,PAUSED,No Portfolio,-1,INR,6,0,0.0000%,,0,0.00,,0.00000,0,0.00,0,,,,
"Jul 04, 2026","=""210389325199036""",SPT|FingerPaint|BSR-3|EV,DAILY_BUDGET,425,PAUSED,No Portfolio,-1,INR,453,0,0.0000%,,0,0.00,,0.00000,0,0.00,0,,,,
"Jul 04, 2026","=""478799210489673""",SPA_Combos_brush_evits,DAILY_BUDGET,200,PAUSED,Brush,193601647018990,INR,3520,17,0.4830%,4.45059,0,0.00,0.00000,0.00000,0,0.00,0,,,,
"Jul 04, 2026","=""541682884716773""",SPM | Phrase | Finger Paint | Non Toxic KW | EV,DAILY_BUDGET,300,PAUSED,Finger Paints,159287746377553,INR,1,0,0.0000%,,0,0.00,,0.00000,0,0.00,0,,,,
"Jul 05, 2026","=""457849298361429""",SPT|FingerPaints|Comp|EV,DAILY_BUDGET,1800,ENABLED,Finger Paints,159287746377553,INR,58,0,0.0000%,,0,0.00,,0.00000,0,0.00,0,,,,
"Jul 04, 2026","=""82534089099489""",SPM | Phrase KWs tgrt |--Evits,DAILY_BUDGET,700,ENABLED,Finger Paints,159287746377553,INR,9994,49,0.4903%,17.18143,6,2696.28,3.20265,269.78987,6,2696.28,6,,,,
"Jul 04, 2026","=""376052058590065""",SPT| Starter Painting Fun Pack|EV,DAILY_BUDGET,925,PAUSED,Finger Paints,159287746377553,INR,4,1,25.0000%,9.68000,0,0.00,0.00000,0.00000,0,0.00,0,,,,
"Jul 04, 2026","=""407135301168055""",SPM_Crayon (Focused),DAILY_BUDGET,800,PAUSED,Crayons EV,168785445729730,INR,939,6,0.6390%,8.61667,0,0.00,0.00000,0.00000,0,0.00,0,,,,
"Jul 04, 2026","=""271054170893709""",SPM|Exaxt|Bubble|EV,DAILY_BUDGET,425,PAUSED,No Portfolio,-1,INR,14,0,0.0000%,,0,0.00,,0.00000,0,0.00,0,,,,
"Jul 05, 2026","=""327546802363585""",SPM|PT|Beeswax Crayons|PT|EV,DAILY_BUDGET,400,PAUSED,Crayons EV,168785445729730,INR,221,1,0.4525%,12.25000,0,0.00,0.00000,0.00000,0,0.00,0,,,,
"Jul 06, 2026","=""298366136066434""",SPM Brand KW/exact evits,DAILY_BUDGET,450,PAUSED,MIX,97346527170228,INR,6,0,0.0000%,,0,0.00,,0.00000,0,0.00,0,,,,
"Jul 06, 2026","=""520168155591740""",SPM|Branded|Exact|PlayDough|EV,DAILY_BUDGET,500,ENABLED,Play Dough,35432676096043,INR,341,1,0.2933%,10.54000,0,0.00,0.00000,0.00000,0,0.00,0,,,,
"Jul 06, 2026","=""207071411420152""",spt comp | exact | doms crayons | ev,DAILY_BUDGET,200,ENABLED,No Portfolio,-1,INR,7,0,0.0000%,,0,0.00,,0.00000,0,0.00,0,,,,
"Jul 06, 2026","=""383333671737797""",SPM | Phrase | Finger Paint | Toddler KW | EV,DAILY_BUDGET,300,ENABLED,Finger Paints,159287746377553,INR,2058,5,0.2430%,18.60400,0,0.00,0.00000,0.00000,0,0.00,0,,,,
"Jul 06, 2026","=""104835423946722""",SBV | DESSERT PAINT | EV,DAILY_BUDGET,500,PAUSED,No Portfolio,-1,INR,4687,27,0.5761%,7.82593,1,422.88,2.00133,90.22402,1,422.88,1,1,422.88,1,100.00
"Jul 04, 2026","=""380246967831778""",SPM_Branded_Phrase_KW,DAILY_BUDGET,1200,ENABLED,Branded KWs,244185727769582,INR,2056,10,0.4864%,12.50000,1,420.34,3.36272,204.44553,1,420.34,1,,,,
"Jul 05, 2026","=""380246967831778""",SPM_Branded_Phrase_KW,DAILY_BUDGET,1200,ENABLED,Branded KWs,244185727769582,INR,748,7,0.9358%,14.54429,0,0.00,0.00000,0.00000,0,0.00,0,,,,
"Jul 05, 2026","=""191133007078195""",SPM|Finger|Paints|EV,DAILY_BUDGET,800,PAUSED,No Portfolio,-1,INR,2173,4,0.1841%,21.39250,0,0.00,0.00000,0.00000,0,0.00,0,,,,
"Jul 04, 2026","=""398929024024547""",SPM|Finger Paints|TOS|EV,DAILY_BUDGET,600,ENABLED,Finger Paints,159287746377553,INR,37,0,0.0000%,,0,0.00,,0.00000,0,0.00,0,,,,
"Jul 05, 2026","=""109068887651517""",SPA|Low Sessions | Low Conversion|4|EV,DAILY_BUDGET,425,ENABLED,Medium Sales,50595836317071,INR,4529,26,0.5741%,4.70000,1,420.34,3.43977,92.81078,1,420.34,1,,,,
"Jul 06, 2026","=""150034018323158""",SPT|B096WGCRL3|Market Basket Analysis|EV,DAILY_BUDGET,425,ENABLED,No Portfolio,-1,INR,0,0,,,0,0.00,,,0,0.00,0,,,,
"Jul 04, 2026","=""229223862032756""",sd | view remarketing | ev,DAILY_BUDGET,800,PAUSED,No Portfolio,-1,INR,8215,22,0.2678%,16.59091,1,410.48,1.12460,49.96713,1,410.48,1,0,0.00,0,0.00
"Jul 06, 2026","=""119149886141956""",SPT|Playdough|EV,DAILY_BUDGET,1200,ENABLED,No Portfolio,-1,INR,1263,20,1.5835%,10.72600,0,0.00,0.00000,0.00000,0,0.00,0,,,,
"Jul 05, 2026","=""176506582166182""",spt | comp | FunBlast Store | ev,DAILY_BUDGET,300,ENABLED,No Portfolio,-1,INR,1,0,0.0000%,,0,0.00,,0.00000,0,0.00,0,,,,
"Jul 05, 2026","=""157959813730539""",SPM|Glue|Phrase|EV,DAILY_BUDGET,425,PAUSED,No Portfolio,-1,INR,5,0,0.0000%,,0,0.00,,0.00000,0,0.00,0,,,,
"Jul 06, 2026","=""486570888420330""",SPT|Bubble|Comp|EV,DAILY_BUDGET,500,ENABLED,Bubbles EV,107518603985453,INR,23,0,0.0000%,,0,0.00,,0.00000,0,0.00,0,,,,
"Jul 06, 2026","=""216457104421508""",SPM|Exact|AllASIN|Branded|KW,DAILY_BUDGET,2000,ENABLED,No Portfolio,-1,INR,960,5,0.5208%,12.25800,3,1169.01,19.07342,1217.71875,3,1169.01,3,,,,
"Jul 06, 2026","=""208411996321381""",SPT | COMP | Hand and Foot Print Kit | EV,DAILY_BUDGET,400,ENABLED,No Portfolio,-1,INR,384,13,3.3854%,7.38692,1,517.14,5.38519,1346.71875,1,517.14,1,,,,
"Jul 06, 2026","=""144096496718251""",SPM | SELF PT | MIX ASIN | EV,DAILY_BUDGET,300,PAUSED,No Portfolio,-1,INR,0,0,,,0,0.00,,,0,0.00,0,,,,
"Jul 04, 2026","=""20789723317726""",SPM|Phrase| Magic Bubbles |EV,DAILY_BUDGET,425,PAUSED,No Portfolio,-1,INR,9,0,0.0000%,,0,0.00,,0.00000,0,0.00,0,,,,
"Jul 06, 2026","=""91272998336683""",SPT | COMP | CRAYON | EV,DAILY_BUDGET,400,ENABLED,No Portfolio,-1,INR,27,0,0.0000%,,0,0.00,,0.00000,0,0.00,0,,,,
"Jul 06, 2026","=""59867277809947""",SPM | Finger Paint Defensive KWs |--Evits,DAILY_BUDGET,700,ENABLED,Finger Paints,159287746377553,INR,2036,5,0.2456%,14.46200,4,2167.31,29.97248,1064.49411,3,2167.31,4,,,,
"Jul 06, 2026","=""422753227659504""",SP_CT_Starter_fingerpaints_painting_EV,DAILY_BUDGET,200,PAUSED,Finger Paints,159287746377553,INR,1799,40,2.2235%,9.80125,0,0.00,0.00000,0.00000,0,0.00,0,,,,
"Jul 04, 2026","=""279062816688209""",SPM | PHRASE | CRAYON | EV,DAILY_BUDGET,400,ENABLED,No Portfolio,-1,INR,1657,5,0.3018%,6.02000,0,0.00,0.00000,0.00000,0,0.00,0,,,,
"Jul 05, 2026","=""486880556606586""",SPA_Non Toxic Glue,DAILY_BUDGET,200,ENABLED,Non Toxic Glue,225101040863691,INR,306,0,0.0000%,,0,0.00,,0.00000,0,0.00,0,,,,
"Jul 06, 2026","=""167306344691053""",SPM | phrase | Finger paint  mix | ev,DAILY_BUDGET,425,ENABLED,No Portfolio,-1,INR,42,2,4.7619%,23.94000,0,0.00,0.00000,0.00000,0,0.00,0,,,,
"Jul 04, 2026","=""134140664581910""",SPM|Brush Set|Phrase|EV,DAILY_BUDGET,425,ENABLED,No Portfolio,-1,INR,171,0,0.0000%,,0,0.00,,0.00000,0,0.00,0,,,,
"Jul 04, 2026","=""38374610858252""",SPT|Finger paint|EV,DAILY_BUDGET,2000,ENABLED,No Portfolio,-1,INR,4283,66,1.5410%,15.50227,8,3371.67,3.29538,787.22157,8,3371.67,8,,,,
"Jul 04, 2026","=""257572073641830""",SPM|Broad|Brush Set|EV,DAILY_BUDGET,500,ENABLED,No Portfolio,-1,INR,1221,15,1.2285%,13.31000,2,1071.18,5.36529,877.29730,2,1071.18,2,,,,
"Jul 06, 2026","=""386094103151385""",SPPT Low selling Asins on Top selling Asins evits,DAILY_BUDGET,750,ENABLED,MIX,97346527170228,INR,54,1,1.8519%,10.00000,0,0.00,0.00000,0.00000,0,0.00,0,,,,
"Jul 04, 2026","=""321162675604576""",SP|PT|Comp|Map|EV,DAILY_BUDGET,425,PAUSED,MAP,248982874073991,INR,38,0,0.0000%,,0,0.00,,0.00000,0,0.00,0,,,,
"Jul 04, 2026","=""213292163478665""",SPM|Magic Paint Dust |EV,DAILY_BUDGET,425,PAUSED,No Portfolio,-1,INR,414,3,0.7246%,10.06000,0,0.00,0.00000,0.00000,0,0.00,0,,,,
"Jul 05, 2026","=""91272998336683""",SPT | COMP | CRAYON | EV,DAILY_BUDGET,400,ENABLED,No Portfolio,-1,INR,14,0,0.0000%,,0,0.00,,0.00000,0,0.00,0,,,,
"Jul 04, 2026","=""167306344691053""",SPM | phrase | Finger paint  mix | ev,DAILY_BUDGET,425,ENABLED,No Portfolio,-1,INR,16,0,0.0000%,,0,0.00,,0.00000,0,0.00,0,,,,
"Jul 04, 2026","=""275984104233374""",SD|PR|EV,DAILY_BUDGET,400,ENABLED,No Portfolio,-1,INR,37,0,0.0000%,,0,0.00,,0.00000,0,0.00,0,0,0.00,0,
"Jul 04, 2026","=""150034018323158""",SPT|B096WGCRL3|Market Basket Analysis|EV,DAILY_BUDGET,425,ENABLED,No Portfolio,-1,INR,1,0,0.0000%,,0,0.00,,0.00000,0,0.00,0,,,,
"Jul 04, 2026","=""246957273103533""",SPM|Phrase|All in one paint kit|EV,DAILY_BUDGET,975,ENABLED,No Portfolio,-1,INR,30,0,0.0000%,,0,0.00,,0.00000,0,0.00,0,,,,
"Jul 04, 2026","=""208411996321381""",SPT | COMP | Hand and Foot Print Kit | EV,DAILY_BUDGET,400,ENABLED,No Portfolio,-1,INR,325,8,2.4615%,7.63500,0,0.00,0.00000,0.00000,0,0.00,0,,,,
"Jul 06, 2026","=""160598947008435""",SPT|Bubble|EV,DAILY_BUDGET,425,ENABLED,No Portfolio,-1,INR,1575,9,0.5714%,12.43667,0,0.00,0.00000,0.00000,0,0.00,0,,,,
"Jul 04, 2026","=""497848209454975""",SPA_All In One_EV,DAILY_BUDGET,150,PAUSED,MIX,97346527170228,INR,236,2,0.8475%,6.08000,0,0.00,0.00000,0.00000,0,0.00,0,,,,
"Jul 04, 2026","=""58249036949135""",SPT|FingerPaint|BRS-1|EV,DAILY_BUDGET,425,ENABLED,No Portfolio,-1,INR,1348,4,0.2967%,12.23000,0,0.00,0.00000,0.00000,0,0.00,0,,,,
"Jul 04, 2026","=""367062819319868""",SPA|Crayon|AmazonPI|EV,DAILY_BUDGET,500,ENABLED,Crayons EV,168785445729730,INR,1052,1,0.0951%,6.14000,0,0.00,0.00000,0.00000,0,0.00,0,,,,
"Jul 04, 2026","=""129312139789794""",SPM|Exact|FingerPaing|EV,DAILY_BUDGET,425,PAUSED,No Portfolio,-1,INR,16,0,0.0000%,,0,0.00,,0.00000,0,0.00,0,,,,
"Jul 05, 2026","=""520168155591740""",SPM|Branded|Exact|PlayDough|EV,DAILY_BUDGET,500,ENABLED,Play Dough,35432676096043,INR,472,3,0.6356%,16.76333,0,0.00,0.00000,0.00000,0,0.00,0,,,,
"Jul 05, 2026","=""383333671737797""",SPM | Phrase | Finger Paint | Toddler KW | EV,DAILY_BUDGET,300,ENABLED,Finger Paints,159287746377553,INR,202,1,0.4950%,18.17000,0,0.00,0.00000,0.00000,0,0.00,0,,,,
"Jul 06, 2026","=""42470785252011""",SPM | PHRASE | FINGER PAIND AND BRUSH | EV,DAILY_BUDGET,400,PAUSED,No Portfolio,-1,INR,16,0,0.0000%,,0,0.00,,0.00000,0,0.00,0,,,,
"Jul 04, 2026","=""424566667830225""",SPM|Broad|Crayons|EV,DAILY_BUDGET,400,ENABLED,Crayons EV,168785445729730,INR,3,0,0.0000%,,0,0.00,,0.00000,0,0.00,0,,,,
"Jul 05, 2026","=""40728313544829""",sd | purchase remarketing | ev,DAILY_BUDGET,1000,ENABLED,No Portfolio,-1,INR,132,0,0.0000%,,0,0.00,,0.00000,0,0.00,0,0,0.00,0,
"Jul 06, 2026","=""157959813730539""",SPM|Glue|Phrase|EV,DAILY_BUDGET,425,PAUSED,No Portfolio,-1,INR,11,0,0.0000%,,0,0.00,,0.00000,0,0.00,0,,,,
"Jul 05, 2026","=""422753227659504""",SP_CT_Starter_fingerpaints_painting_EV,DAILY_BUDGET,200,PAUSED,Finger Paints,159287746377553,INR,2151,30,1.3947%,10.10600,0,0.00,0.00000,0.00000,0,0.00,0,,,,
"Jul 04, 2026","=""27686010860469""",SPT | COMP | FINGER PAINT | EV,DAILY_BUDGET,400,ENABLED,No Portfolio,-1,INR,379,2,0.5277%,5.37000,0,0.00,0.00000,0.00000,0,0.00,0,,,,
"Jul 05, 2026","=""11637833927236""",SPM|Exact|MagicPaintDust|EV,DAILY_BUDGET,2000,PAUSED,No Portfolio,-1,INR,1235,14,1.1336%,14.70214,0,0.00,0.00000,0.00000,0,0.00,0,,,,
"Jul 04, 2026","=""191133007078195""",SPM|Finger|Paints|EV,DAILY_BUDGET,800,PAUSED,No Portfolio,-1,INR,1924,7,0.3638%,24.15000,0,0.00,0.00000,0.00000,0,0.00,0,,,,
"Jul 04, 2026","=""56452777781572""",SPT|B096WD8RC2|Market Basket Analysis|EV,DAILY_BUDGET,425,ENABLED,No Portfolio,-1,INR,2,0,0.0000%,,0,0.00,,0.00000,0,0.00,0,,,,
"Jul 06, 2026","=""213292163478665""",SPM|Magic Paint Dust |EV,DAILY_BUDGET,425,PAUSED,No Portfolio,-1,INR,831,7,0.8424%,12.89286,0,0.00,0.00000,0.00000,0,0.00,0,,,,
"Jul 06, 2026","=""24070394726923""",SPM | phrase | Playdough | ev,DAILY_BUDGET,425,ENABLED,No Portfolio,-1,INR,175,0,0.0000%,,0,0.00,,0.00000,0,0.00,0,,,,
"Jul 06, 2026","=""302299248446612""",SPT - Paint Dust+ABC Trace | EV,DAILY_BUDGET,800,ENABLED,MIX,97346527170228,INR,285,8,2.8070%,8.50000,1,645.72,9.49588,2265.68421,1,645.72,1,,,,
"Jul 06, 2026","=""178785673020912""",SPM|CrayonPhrase|HighIS|EV,DAILY_BUDGET,425,ENABLED,No Portfolio,-1,INR,7,0,0.0000%,,0,0.00,,0.00000,0,0.00,0,,,,
"Jul 05, 2026","=""234981482573654""",SPT|B0B1DT53X9|Market Basket Analysis|EV,DAILY_BUDGET,350,PAUSED,No Portfolio,-1,INR,1,1,100.0000%,6.34000,0,0.00,0.00000,0.00000,0,0.00,0,,,,
"Jul 05, 2026","=""123352051178567""",SPM|HighImpression|FingerPaint|EV,DAILY_BUDGET,425,PAUSED,No Portfolio,-1,INR,0,0,,,0,0.00,,,0,0.00,0,,,,
"Jul 05, 2026","=""476068278695542""",SPT|COMP|Starter Painting Fun Pack|EV,DAILY_BUDGET,2500,ENABLED,Finger Paints,159287746377553,INR,230,2,0.8696%,17.04000,0,0.00,0.00000,0.00000,0,0.00,0,,,,
"Jul 05, 2026","=""250329551530843""",SPM|Exact|EV|B07T516S4Y|EV,DAILY_BUDGET,500,PAUSED,No Portfolio,-1,INR,1,0,0.0000%,,0,0.00,,0.00000,0,0.00,0,,,,
"Jul 04, 2026","=""234611538259472""",SBV|MagicPaint|Test|EV,DAILY_BUDGET,1000,ENABLED,No Portfolio,-1,INR,61,1,1.6393%,13.72000,0,0.00,0.00000,0.00000,0,0.00,0,0,0.00,0,
"Jul 04, 2026","=""384672449138272""",SPM|Crayon|ToddlerKW|EV,DAILY_BUDGET,600,ENABLED,Crayons EV,168785445729730,INR,236,0,0.0000%,,0,0.00,,0.00000,0,0.00,0,,,,
"Jul 05, 2026","=""119634449447071""",SD|Low Sessions | Low Conversion|EV,DAILY_BUDGET,200,PAUSED,No Portfolio,-1,INR,183,0,0.0000%,,0,0.00,,0.00000,0,0.00,0,0,0.00,0,
"Jul 06, 2026","=""34317093851237""",SPT|Crayon||EV,DAILY_BUDGET,500,ENABLED,No Portfolio,-1,INR,503,0,0.0000%,,0,0.00,,0.00000,0,0.00,0,,,,
"Jul 06, 2026","=""376909993254211""",SPM|Exact|Crayon|Search Performance|EV,DAILY_BUDGET,200,PAUSED,Crayons EV,168785445729730,INR,73,0,0.0000%,,0,0.00,,0.00000,0,0.00,0,,,,
"Jul 05, 2026","=""530692336771591""",SPM | Phrase | Finger Paint | Clolour KW | EV,DAILY_BUDGET,200,PAUSED,Finger Paints,159287746377553,INR,2268,14,0.6173%,10.97214,0,0.00,0.00000,0.00000,0,0.00,0,,,,
"Jul 04, 2026","=""148717529917684""",SPM|Sensory Rice Kit |EV,DAILY_BUDGET,425,PAUSED,No Portfolio,-1,INR,1078,16,1.4842%,9.03375,0,0.00,0.00000,0.00000,0,0.00,0,,,,
"Jul 04, 2026","=""130231059183471""",SPM | PHRASE | COLOURING PAGE | EV,DAILY_BUDGET,400,ENABLED,No Portfolio,-1,INR,1038,8,0.7707%,11.15750,0,0.00,0.00000,0.00000,0,0.00,0,,,,
"Jul 05, 2026","=""119149886141956""",SPT|Playdough|EV,DAILY_BUDGET,1200,ENABLED,No Portfolio,-1,INR,1493,28,1.8754%,10.60821,2,1120.34,3.77181,750.39518,2,1120.34,2,,,,
"Jul 06, 2026","=""104083670362882""",SPM | BROAD | FINGER PAINT | EV,DAILY_BUDGET,300,PAUSED,No Portfolio,-1,INR,32,0,0.0000%,,0,0.00,,0.00000,0,0.00,0,,,,
"Jul 05, 2026","=""190630060887939""",SPM|PlayDough|Exact\EV,DAILY_BUDGET,2000,ENABLED,No Portfolio,-1,INR,271,23,8.4871%,45.74870,1,560.17,0.53237,2067.04797,1,560.17,1,,,,
"Jul 04, 2026","=""43772916710120""",SPM | PHRASE | Unicorn Stencil | EV,DAILY_BUDGET,350,ENABLED,No Portfolio,-1,INR,8,0,0.0000%,,0,0.00,,0.00000,0,0.00,0,,,,
"Jul 05, 2026","=""6300601943430""",SPT|Brush Set|EV,DAILY_BUDGET,400,PAUSED,No Portfolio,-1,INR,163,0,0.0000%,,0,0.00,,0.00000,0,0.00,0,,,,
"Jul 05, 2026","=""81595854226365""",SPM|Colouring Page|EV,DAILY_BUDGET,425,ENABLED,No Portfolio,-1,INR,966,0,0.0000%,,0,0.00,,0.00000,0,0.00,0,,,,
"Jul 05, 2026","=""262173269138228""",SPM|FingerPaint|NewKW|EV,DAILY_BUDGET,400,ENABLED,No Portfolio,-1,INR,424,3,0.7075%,21.90000,0,0.00,0.00000,0.00000,0,0.00,0,,,,
"Jul 06, 2026","=""465213237078364""",SP_PT_Paintbrushes_Alternate Purchase,DAILY_BUDGET,300,PAUSED,Brush,193601647018990,INR,63,0,0.0000%,,0,0.00,,0.00000,0,0.00,0,,,,
"Jul 04, 2026","=""157959813730539""",SPM|Glue|Phrase|EV,DAILY_BUDGET,425,PAUSED,No Portfolio,-1,INR,11,0,0.0000%,,0,0.00,,0.00000,0,0.00,0,,,,
"Jul 04, 2026","=""342340840604120""",SPM | KT | Broad | Brand | All Asin | EV,DAILY_BUDGET,650,ENABLED,Branded KWs,244185727769582,INR,703,6,0.8535%,8.98833,2,973.08,18.04339,1384.18208,2,973.08,2,,,,
"Jul 06, 2026","=""175284729942534""",SPT|Flip Flap|EV,DAILY_BUDGET,425,PAUSED,No Portfolio,-1,INR,17,0,0.0000%,,0,0.00,,0.00000,0,0.00,0,,,,
"Jul 06, 2026","=""424566667830225""",SPM|Broad|Crayons|EV,DAILY_BUDGET,400,ENABLED,Crayons EV,168785445729730,INR,6,0,0.0000%,,0,0.00,,0.00000,0,0.00,0,,,,
"Jul 06, 2026","=""444606167193508""",SP|PT|B096WGCRL3|Comp|EV,DAILY_BUDGET,300,PAUSED,MIX,97346527170228,INR,21,1,4.7619%,6.38000,0,0.00,0.00000,0.00000,0,0.00,0,,,,
"Jul 04, 2026","=""302299248446612""",SPT - Paint Dust+ABC Trace | EV,DAILY_BUDGET,800,ENABLED,MIX,97346527170228,INR,246,7,2.8455%,7.91286,3,1465.19,26.45225,5956.05691,3,1465.19,3,,,,
"Jul 06, 2026","=""380246967831778""",SPM_Branded_Phrase_KW,DAILY_BUDGET,1200,ENABLED,Branded KWs,244185727769582,INR,477,11,2.3061%,15.98727,0,0.00,0.00000,0.00000,0,0.00,0,,,,
"Jul 04, 2026","=""454299066820157""",SPPT|MyFirstSwingingJungleCombo|EV,DAILY_BUDGET,400,ENABLED,Competitor PT EV,77621372464843,INR,4,1,25.0000%,3.57000,1,350.48,98.17367,87620.00000,1,350.48,1,,,,
"Jul 06, 2026","=""67520618520942""",SPM|Phrase|Stencil|EV,DAILY_BUDGET,400,PAUSED,Stencil,136092957990149,INR,3,0,0.0000%,,0,0.00,,0.00000,0,0.00,0,,,,
"Jul 05, 2026","=""210389325199036""",SPT|FingerPaint|BSR-3|EV,DAILY_BUDGET,425,PAUSED,No Portfolio,-1,INR,472,1,0.2119%,10.19000,0,0.00,0.00000,0.00000,0,0.00,0,,,,
"Jul 06, 2026","=""152650728261797""",SPT|Sensory Rice Kit |EV,DAILY_BUDGET,425,ENABLED,No Portfolio,-1,INR,415,8,1.9277%,8.58750,0,0.00,0.00000,0.00000,0,0.00,0,,,,
"Jul 05, 2026","=""367062819319868""",SPA|Crayon|AmazonPI|EV,DAILY_BUDGET,500,ENABLED,Crayons EV,168785445729730,INR,1486,3,0.2019%,4.96333,2,853.67,57.33177,574.47510,2,853.67,2,,,,
"Jul 05, 2026","=""529319334663227""",SPM finger Paints KW/Phrase evits,DAILY_BUDGET,200,PAUSED,Finger Paints,159287746377553,INR,514,0,0.0000%,,0,0.00,,0.00000,0,0.00,0,,,,
"Jul 05, 2026","=""70447777015054""",SPM|PlayDough | prime day |EV,DAILY_BUDGET,1000,ENABLED,No Portfolio,-1,INR,14237,82,0.5760%,12.81878,1,560.17,0.53292,39.34607,1,560.17,1,,,,
"Jul 04, 2026","=""430603660145796""",SPT|Comp|Mix|EV,DAILY_BUDGET,700,PAUSED,Finger Paints,159287746377553,INR,159,0,0.0000%,,0,0.00,,0.00000,0,0.00,0,,,,
"Jul 06, 2026","=""530692336771591""",SPM | Phrase | Finger Paint | Clolour KW | EV,DAILY_BUDGET,200,PAUSED,Finger Paints,159287746377553,INR,145,1,0.6897%,11.48000,0,0.00,0.00000,0.00000,0,0.00,0,,,,
"Jul 05, 2026","=""202163593914826""",SPT COMP | EXACT | Imagimake1 | EV,DAILY_BUDGET,200,ENABLED,No Portfolio,-1,INR,84,2,2.3810%,6.67000,0,0.00,0.00000,0.00000,0,0.00,0,,,,
"Jul 06, 2026","=""320096851298962""",SPM | Phrase | Painting Art Canvas | EV,DAILY_BUDGET,300,PAUSED,Finger Paints,159287746377553,INR,1,0,0.0000%,,0,0.00,,0.00000,0,0.00,0,,,,
"Jul 04, 2026","=""18450504468378""",SPM|FingerPaint|ExactNewKW-2|EV,DAILY_BUDGET,425,ENABLED,No Portfolio,-1,INR,38,2,5.2632%,29.37000,1,420.34,7.15594,11061.57895,1,420.34,1,,,,
"Jul 06, 2026","=""229223862032756""",sd | view remarketing | ev,DAILY_BUDGET,800,PAUSED,No Portfolio,-1,INR,8709,21,0.2411%,27.36048,1,420.34,0.73157,48.26501,1,420.34,1,1,420.34,1,100.00
"Jul 06, 2026","=""130231059183471""",SPM | PHRASE | COLOURING PAGE | EV,DAILY_BUDGET,400,ENABLED,No Portfolio,-1,INR,1353,5,0.3695%,9.20000,0,0.00,0.00000,0.00000,0,0.00,0,,,,
"Jul 04, 2026","=""48634121504600""",SPT|B09F3DTZDF|Market Basket Analysis|EV,DAILY_BUDGET,425,ENABLED,No Portfolio,-1,INR,9,0,0.0000%,,0,0.00,,0.00000,0,0.00,0,,,,
"Jul 04, 2026","=""275156148338722""",SPM|Phrase|B0CTHWVRJY|Dabble|EV,DAILY_BUDGET,500,PAUSED,No Portfolio,-1,INR,13,0,0.0000%,,0,0.00,,0.00000,0,0.00,0,,,,
"Jul 06, 2026","=""90194087082837""",SPM|Braod|HighIS|FingerPaint\EV,DAILY_BUDGET,1000,ENABLED,No Portfolio,-1,INR,3273,29,0.8860%,31.09862,1,420.34,0.46608,128.42652,1,420.34,1,,,,
"Jul 04, 2026","=""213726027817300""",SPT | COMP | GLUE | EV,DAILY_BUDGET,400,ENABLED,No Portfolio,-1,INR,1,0,0.0000%,,0,0.00,,0.00000,0,0.00,0,,,,
"Jul 05, 2026","=""213726027817300""",SPT | COMP | GLUE | EV,DAILY_BUDGET,400,ENABLED,No Portfolio,-1,INR,5,0,0.0000%,,0,0.00,,0.00000,0,0.00,0,,,,
"Jul 06, 2026","=""209720014419991""",SPM|Apron|Phrase|EV,DAILY_BUDGET,425,PAUSED,No Portfolio,-1,INR,4,0,0.0000%,,0,0.00,,0.00000,0,0.00,0,,,,
"Jul 04, 2026","=""385681463251727""",SPM|PT|Starter Painting Fun Pack|EV,DAILY_BUDGET,200,ENABLED,Finger Paints,159287746377553,INR,123,0,0.0000%,,0,0.00,,0.00000,0,0.00,0,,,,
"Jul 05, 2026","=""263574403012949""",SPM|Magic Paint Dust |Phrase|EV,DAILY_BUDGET,425,PAUSED,No Portfolio,-1,INR,73,0,0.0000%,,0,0.00,,0.00000,0,0.00,0,,,,
"Jul 05, 2026","=""157241051545486""",SPM|Phrase|Glue|EV,DAILY_BUDGET,425,PAUSED,No Portfolio,-1,INR,12,0,0.0000%,,0,0.00,,0.00000,0,0.00,0,,,,
"Jul 04, 2026","=""145416888791707""",SPM|PlayDough|CVR|Phrase|EV,DAILY_BUDGET,425,ENABLED,No Portfolio,-1,INR,39,2,5.1282%,7.17000,2,770.82,53.75314,19764.61539,2,770.82,2,,,,
"Jul 04, 2026","=""348337395626859""",SD_On Competitors_EV,DAILY_BUDGET,500,PAUSED,Finger Paints,159287746377553,INR,71,0,0.0000%,,0,0.00,,0.00000,0,0.00,0,0,0.00,0,
"Jul 06, 2026","=""24688243279829""",SPM|Magic Paint Dust|Phrase|EV,DAILY_BUDGET,2000,PAUSED,No Portfolio,-1,INR,4092,35,0.8553%,14.03629,0,0.00,0.00000,0.00000,0,0.00,0,,,,
"Jul 04, 2026","=""70447777015054""",SPM|PlayDough | prime day |EV,DAILY_BUDGET,1000,ENABLED,No Portfolio,-1,INR,9407,68,0.7229%,15.48941,1,571.19,0.54230,60.71968,1,571.19,1,,,,
"Jul 06, 2026","=""38374610858252""",SPT|Finger paint|EV,DAILY_BUDGET,2000,ENABLED,No Portfolio,-1,INR,3724,77,2.0677%,18.39039,9,4683.90,3.30770,1257.76047,9,4683.90,9,,,,
"Jul 04, 2026","=""116531586885885""",SPT||B0CV17BBLG|Market Basket Analysis|EV,DAILY_BUDGET,400,ENABLED,No Portfolio,-1,INR,7,0,0.0000%,,0,0.00,,0.00000,0,0.00,0,,,,
"Jul 05, 2026","=""154358744913062""",SPM|Exact|Playdough|EV,DAILY_BUDGET,1300,ENABLED,No Portfolio,-1,INR,4627,38,0.8213%,21.54658,4,2637.75,3.22160,570.07780,4,2637.75,4,,,,
"Jul 04, 2026","=""545131917929283""",SP_PT_Finger Paint_Alternate Purchase,DAILY_BUDGET,300,PAUSED,Finger Paints,159287746377553,INR,8,0,0.0000%,,0,0.00,,0.00000,0,0.00,0,,,,
"Jul 06, 2026","=""466236606443209""",SD|PT|FingerPaints|EV,DAILY_BUDGET,500,ENABLED,Finger Paints,159287746377553,INR,1746,2,0.1145%,43.75573,1,420.34,4.80326,240.74456,0,0.00,0,1,420.34,1,100.00
"Jul 04, 2026","=""466236606443209""",SD|PT|FingerPaints|EV,DAILY_BUDGET,500,ENABLED,Finger Paints,159287746377553,INR,1748,3,0.1716%,23.27292,1,420.34,6.02045,240.46911,0,0.00,0,1,420.34,1,100.00
"Jul 05, 2026","=""31773483456440""",SPM|Phrase|MixASIN|2|EV,DAILY_BUDGET,850,ENABLED,No Portfolio,-1,INR,2517,11,0.4370%,11.53818,3,1765.25,13.90837,701.33095,3,1765.25,3,,,,
"Jul 06, 2026","=""83950023728403""",SPM|Phrase|My ABC Trace & Colour Kit |EV,DAILY_BUDGET,425,ENABLED,No Portfolio,-1,INR,42,1,2.3810%,13.96000,0,0.00,0.00000,0.00000,0,0.00,0,,,,
"Jul 06, 2026","=""82853388149346""",Spt comp | PepPlay Store | playdough | ev,DAILY_BUDGET,1000,ENABLED,No Portfolio,-1,INR,5116,42,0.8210%,10.49095,5,2138.13,4.85255,417.93002,5,2138.13,5,,,,
"Jul 04, 2026","=""444606167193508""",SP|PT|B096WGCRL3|Comp|EV,DAILY_BUDGET,300,PAUSED,MIX,97346527170228,INR,19,0,0.0000%,,0,0.00,,0.00000,0,0.00,0,,,,
"Jul 05, 2026","=""478799210489673""",SPA_Combos_brush_evits,DAILY_BUDGET,200,PAUSED,Brush,193601647018990,INR,3717,10,0.2690%,4.36500,0,0.00,0.00000,0.00000,0,0.00,0,,,,
"Jul 05, 2026","=""58249036949135""",SPT|FingerPaint|BRS-1|EV,DAILY_BUDGET,425,ENABLED,No Portfolio,-1,INR,3656,17,0.4650%,16.17706,0,0.00,0.00000,0.00000,0,0.00,0,,,,
"Jul 04, 2026","=""137579869166904""",SD|PT|Self|EV,DAILY_BUDGET,500,PAUSED,No Portfolio,-1,INR,1120,3,0.2679%,13.85165,0,0.00,0.00000,0.00000,0,0.00,0,0,0.00,0,
"Jul 04, 2026","=""11899110441208""",SPM|Exact|B07T516S4Y|EV,DAILY_BUDGET,500,ENABLED,No Portfolio,-1,INR,69,4,5.7971%,21.33750,1,350.48,4.10639,5079.42029,1,350.48,1,,,,
"Jul 04, 2026","=""231753058693712""",SPT|Finger Paints|Comp|EV,DAILY_BUDGET,900,ENABLED,Finger Paints,159287746377553,INR,936,5,0.5342%,17.94800,0,0.00,0.00000,0.00000,0,0.00,0,,,,
"Jul 05, 2026","=""229223862032756""",sd | view remarketing | ev,DAILY_BUDGET,800,PAUSED,No Portfolio,-1,INR,13577,26,0.1915%,24.23154,1,422.88,0.67122,31.14679,1,422.88,1,1,422.88,1,100.00
"Jul 04, 2026","=""62185874403739""",SPT|B0B1DT53X9|Market Basket Analysis||EV,DAILY_BUDGET,350,ENABLED,No Portfolio,-1,INR,5,0,0.0000%,,0,0.00,,0.00000,0,0.00,0,,,,
"Jul 04, 2026","=""202985626991089""",SPT|Colouring Page||EV,DAILY_BUDGET,425,PAUSED,No Portfolio,-1,INR,43,1,2.3256%,14.31000,0,0.00,0.00000,0.00000,0,0.00,0,,,,
"Jul 04, 2026","=""11947950277185""",SPT|Brush Set||EV,DAILY_BUDGET,500,ENABLED,No Portfolio,-1,INR,552,6,1.0870%,12.31167,5,1933.88,26.17951,3503.40580,3,1933.88,5,,,,
"Jul 04, 2026","=""126579192462464""",spt | comp | Funskool Store | ev,DAILY_BUDGET,300,PAUSED,No Portfolio,-1,INR,32,3,9.3750%,15.95000,0,0.00,0.00000,0.00000,0,0.00,0,,,,
"Jul 04, 2026","=""209741811421198""",SD|Audiences likely to be interested in your ad|EV,DAILY_BUDGET,400,PAUSED,No Portfolio,-1,INR,14092,12,0.0852%,4.20917,0,0.00,0.00000,0.00000,0,0.00,0,0,0.00,0,
"Jul 04, 2026","=""136510731780676""",SPT COMP | EXACT | CRAYONS FABER | EV,DAILY_BUDGET,800,ENABLED,No Portfolio,-1,INR,1079,18,1.6682%,11.87667,2,700.96,3.27889,649.63855,2,700.96,2,,,,
"Jul 06, 2026","=""346831860454384""",SPA|Loose|fEV,DAILY_BUDGET,500,PAUSED,MIX,97346527170228,INR,8747,18,0.2058%,3.88778,0,0.00,0.00000,0.00000,0,0.00,0,,,,
"Jul 05, 2026","=""24070394726923""",SPM | phrase | Playdough | ev,DAILY_BUDGET,425,ENABLED,No Portfolio,-1,INR,120,1,0.8333%,11.69000,0,0.00,0.00000,0.00000,0,0.00,0,,,,
"Jul 05, 2026","=""167306344691053""",SPM | phrase | Finger paint  mix | ev,DAILY_BUDGET,425,ENABLED,No Portfolio,-1,INR,56,1,1.7857%,22.31000,0,0.00,0.00000,0.00000,0,0.00,0,,,,
"Jul 06, 2026","=""257572073641830""",SPM|Broad|Brush Set|EV,DAILY_BUDGET,500,ENABLED,No Portfolio,-1,INR,1343,20,1.4892%,17.27000,2,1394.26,4.03665,1038.16828,2,1394.26,2,,,,
"Jul 06, 2026","=""250329551530843""",SPM|Exact|EV|B07T516S4Y|EV,DAILY_BUDGET,500,PAUSED,No Portfolio,-1,INR,0,0,,,0,0.00,,,0,0.00,0,,,,
"Jul 05, 2026","=""52854135853657""",SB|Banner|PlayDough|EV,DAILY_BUDGET,500,ENABLED,No Portfolio,-1,INR,2959,17,0.5745%,5.21118,3,1405.93,15.87008,475.13687,3,1405.93,3,3,1405.93,3,100.00
"Jul 05, 2026","=""302790106560286""",SBV|Starter Painting Fun Pack|EV,DAILY_BUDGET,1400,ENABLED,Finger Paints,159287746377553,INR,1692,13,0.7683%,6.11462,0,0.00,0.00000,0.00000,0,0.00,0,0,0.00,0,
"Jul 04, 2026","=""527177961058816""",SPM finger Paints KW/Broad Evits,DAILY_BUDGET,2000,ENABLED,Finger Paints,159287746377553,INR,8770,44,0.5017%,23.34023,7,3669.81,3.57343,418.45040,7,3669.81,7,,,,
"Jul 04, 2026","=""91048989197574""",SPM | PHRASE | FLIP FLAP | EV,DAILY_BUDGET,400,PAUSED,No Portfolio,-1,INR,9,0,0.0000%,,0,0.00,,0.00000,0,0.00,0,,,,
"Jul 06, 2026","=""465006842425907""",SPA_Close_Jupiter Sale,DAILY_BUDGET,350,PAUSED,MIX,97346527170228,INR,4189,13,0.3103%,8.32077,0,0.00,0.00000,0.00000,0,0.00,0,,,,
"Jul 04, 2026","=""473350929501931""",SPT|Self|Crayon|EV,DAILY_BUDGET,1400,ENABLED,Crayons EV,168785445729730,INR,297,6,2.0202%,7.45333,0,0.00,0.00000,0.00000,0,0.00,0,,,,
"Jul 06, 2026","=""40728313544829""",sd | purchase remarketing | ev,DAILY_BUDGET,1000,ENABLED,No Portfolio,-1,INR,135,1,0.7407%,6.59000,0,0.00,0.00000,0.00000,0,0.00,0,0,0.00,0,
"Jul 05, 2026","=""558169419315915""",SPM|Stencil|BrandedKWPhrase|EV,DAILY_BUDGET,300,ENABLED,Stencil,136092957990149,INR,12,0,0.0000%,,0,0.00,,0.00000,0,0.00,0,,,,
"Jul 04, 2026","=""188043233089821""",SPM | PHRASE | APRON | EV,DAILY_BUDGET,450,ENABLED,No Portfolio,-1,INR,20,0,0.0000%,,0,0.00,,0.00000,0,0.00,0,,,,
"Jul 06, 2026","=""271054170893709""",SPM|Exaxt|Bubble|EV,DAILY_BUDGET,425,PAUSED,No Portfolio,-1,INR,1,0,0.0000%,,0,0.00,,0.00000,0,0.00,0,,,,
"Jul 05, 2026","=""486570888420330""",SPT|Bubble|Comp|EV,DAILY_BUDGET,500,ENABLED,Bubbles EV,107518603985453,INR,29,0,0.0000%,,0,0.00,,0.00000,0,0.00,0,,,,
"Jul 04, 2026","=""35955913989064""",SPM|Phrase | prime day |MixASIN-1|EV,DAILY_BUDGET,2000,ENABLED,No Portfolio,-1,INR,25067,64,0.2553%,31.20766,4,1977.67,0.99018,78.89536,4,1977.67,4,,,,
"Jul 04, 2026","=""129285683076529""",SPM|Phase|Crayon|EV,DAILY_BUDGET,800,PAUSED,No Portfolio,-1,INR,17,1,5.8824%,21.40000,0,0.00,0.00000,0.00000,0,0.00,0,,,,
"Jul 04, 2026","=""59867277809947""",SPM | Finger Paint Defensive KWs |--Evits,DAILY_BUDGET,700,ENABLED,Finger Paints,159287746377553,INR,1696,5,0.2948%,13.82200,0,0.00,0.00000,0.00000,0,0.00,0,,,,
"Jul 06, 2026","=""148717529917684""",SPM|Sensory Rice Kit |EV,DAILY_BUDGET,425,PAUSED,No Portfolio,-1,INR,311,5,1.6077%,6.57600,0,0.00,0.00000,0.00000,0,0.00,0,,,,
"Jul 05, 2026","=""136510731780676""",SPT COMP | EXACT | CRAYONS FABER | EV,DAILY_BUDGET,800,ENABLED,No Portfolio,-1,INR,603,22,3.6484%,11.60409,0,0.00,0.00000,0.00000,0,0.00,0,,,,
"Jul 04, 2026","=""168704135322778""",SD VCPM finger paints Loop,DAILY_BUDGET,500,PAUSED,Finger Paints,159287746377553,INR,3331,13,0.3903%,13.47087,0,0.00,0.00000,0.00000,0,0.00,0,0,0.00,0,
"Jul 06, 2026","=""256413311197457""",SPM | PHRASE | Preschool art and craft kit | EV,DAILY_BUDGET,350,ENABLED,No Portfolio,-1,INR,1142,3,0.2627%,7.12333,0,0.00,0.00000,0.00000,0,0.00,0,,,,
"Jul 04, 2026","=""83950023728403""",SPM|Phrase|My ABC Trace & Colour Kit |EV,DAILY_BUDGET,425,ENABLED,No Portfolio,-1,INR,38,0,0.0000%,,0,0.00,,0.00000,0,0.00,0,,,,
"Jul 06, 2026","=""129312139789794""",SPM|Exact|FingerPaing|EV,DAILY_BUDGET,425,PAUSED,No Portfolio,-1,INR,5,0,0.0000%,,0,0.00,,0.00000,0,0.00,0,,,,
"Jul 05, 2026","=""113910544363369""",SPT|B0CV1653HN|Market Basket Analysis|EV,DAILY_BUDGET,350,ENABLED,No Portfolio,-1,INR,3,0,0.0000%,,0,0.00,,0.00000,0,0.00,0,,,,
"Jul 04, 2026","=""346140415952893""",SPT| TopAsin |EV,DAILY_BUDGET,500,ENABLED,MIX,97346527170228,INR,58,0,0.0000%,,0,0.00,,0.00000,0,0.00,0,,,,
"Jul 05, 2026","=""376909993254211""",SPM|Exact|Crayon|Search Performance|EV,DAILY_BUDGET,200,PAUSED,Crayons EV,168785445729730,INR,71,0,0.0000%,,0,0.00,,0.00000,0,0.00,0,,,,
"Jul 04, 2026","=""433162632308333""",SPM|FingerPaints|CompKW|EV,DAILY_BUDGET,2500,PAUSED,Finger Paints,159287746377553,INR,2645,6,0.2268%,12.52333,0,0.00,0.00000,0.00000,0,0.00,0,,,,
"Jul 06, 2026","=""233255998804250""",SPM | COMP | THOOVI | FINGERPAINT | EV,DAILY_BUDGET,400,ENABLED,No Portfolio,-1,INR,2,0,0.0000%,,0,0.00,,0.00000,0,0.00,0,,,,
"Jul 04, 2026","=""52854135853657""",SB|Banner|PlayDough|EV,DAILY_BUDGET,500,ENABLED,No Portfolio,-1,INR,6013,26,0.4324%,4.75115,1,560.17,4.53469,93.15982,1,560.17,1,1,560.17,1,100.00
"Jul 05, 2026","=""207071411420152""",spt comp | exact | doms crayons | ev,DAILY_BUDGET,200,ENABLED,No Portfolio,-1,INR,0,0,,,0,0.00,,,0,0.00,0,,,,
"Jul 05, 2026","=""312963056484974""",SPCT | Refine | Finger Paint | EV,DAILY_BUDGET,1500,PAUSED,Finger Paints,159287746377553,INR,139,1,0.7194%,9.96000,0,0.00,0.00000,0.00000,0,0.00,0,,,,
"Jul 04, 2026","=""160598947008435""",SPT|Bubble|EV,DAILY_BUDGET,425,ENABLED,No Portfolio,-1,INR,2753,11,0.3996%,13.87636,2,1157.08,7.58045,420.29786,2,1157.08,2,,,,
"Jul 05, 2026","=""152650728261797""",SPT|Sensory Rice Kit |EV,DAILY_BUDGET,425,ENABLED,No Portfolio,-1,INR,354,8,2.2599%,8.82250,0,0.00,0.00000,0.00000,0,0.00,0,,,,
"Jul 05, 2026","=""132208059278681""",SPT|B09WMGR9M8|Market Basket Analysis|EV,DAILY_BUDGET,425,ENABLED,No Portfolio,-1,INR,352,8,2.2727%,10.94875,1,327.62,3.74038,930.73864,1,327.62,1,,,,
"Jul 06, 2026","=""29101152381537""",SPM|Crayon|Broad|High|IS|EV,DAILY_BUDGET,425,ENABLED,No Portfolio,-1,INR,1655,20,1.2085%,16.43250,0,0.00,0.00000,0.00000,0,0.00,0,,,,
"Jul 04, 2026","=""31773483456440""",SPM|Phrase|MixASIN|2|EV,DAILY_BUDGET,850,ENABLED,No Portfolio,-1,INR,4457,14,0.3141%,9.30786,1,409.52,3.14266,91.88243,1,409.52,1,,,,
"Jul 05, 2026","=""278209549281730""",SBV|B0FMFR1ZVN|NewPlayDough|EV,DAILY_BUDGET,500,PAUSED,No Portfolio,-1,INR,702,4,0.5698%,12.47000,1,431.36,8.64796,614.47293,1,431.36,1,1,431.36,1,100.00
"Jul 04, 2026","=""465006842425907""",SPA_Close_Jupiter Sale,DAILY_BUDGET,350,PAUSED,MIX,97346527170228,INR,5006,14,0.2797%,7.53571,0,0.00,0.00000,0.00000,0,0.00,0,,,,
"Jul 05, 2026","=""234611538259472""",SBV|MagicPaint|Test|EV,DAILY_BUDGET,1000,ENABLED,No Portfolio,-1,INR,53,0,0.0000%,,0,0.00,,0.00000,0,0.00,0,0,0.00,0,
"Jul 05, 2026","=""514027701504449""",SPA | Bubble Magic | EV,DAILY_BUDGET,300,ENABLED,Bubbles EV,107518603985453,INR,713,1,0.1403%,8.16000,0,0.00,0.00000,0.00000,0,0.00,0,,,,
"Jul 04, 2026","=""89457641769816""",SPM||Finger paint|Phrase|EV,DAILY_BUDGET,3000,ENABLED,No Portfolio,-1,INR,8625,74,0.8580%,17.98176,8,4135.99,3.10825,479.53507,8,4135.99,8,,,,
"Jul 04, 2026","=""256413311197457""",SPM | PHRASE | Preschool art and craft kit | EV,DAILY_BUDGET,350,ENABLED,No Portfolio,-1,INR,964,4,0.4149%,7.62000,0,0.00,0.00000,0.00000,0,0.00,0,,,,
"Jul 06, 2026","=""176506582166182""",spt | comp | FunBlast Store | ev,DAILY_BUDGET,300,ENABLED,No Portfolio,-1,INR,1,0,0.0000%,,0,0.00,,0.00000,0,0.00,0,,,,
"Jul 05, 2026","=""433162632308333""",SPM|FingerPaints|CompKW|EV,DAILY_BUDGET,2500,PAUSED,Finger Paints,159287746377553,INR,4624,9,0.1946%,12.01222,1,420.34,3.88808,90.90398,1,420.34,1,,,,
"Jul 06, 2026","=""433162632308333""",SPM|FingerPaints|CompKW|EV,DAILY_BUDGET,2500,PAUSED,Finger Paints,159287746377553,INR,1482,8,0.5398%,12.13125,1,420.34,4.33117,283.63023,1,420.34,1,,,,
"Jul 05, 2026","=""193548631172297""",SD audience tgt on finger paints - 3 colours,DAILY_BUDGET,300,PAUSED,No Portfolio,-1,INR,1077,1,0.0929%,0.06000,0,0.00,0.00000,0.00000,0,0.00,0,0,0.00,0,
"Jul 06, 2026","=""11899110441208""",SPM|Exact|B07T516S4Y|EV,DAILY_BUDGET,500,ENABLED,No Portfolio,-1,INR,139,4,2.8777%,25.72250,0,0.00,0.00000,0.00000,0,0.00,0,,,,
"Jul 05, 2026","=""129312139789794""",SPM|Exact|FingerPaing|EV,DAILY_BUDGET,425,PAUSED,No Portfolio,-1,INR,15,0,0.0000%,,0,0.00,,0.00000,0,0.00,0,,,,
"Jul 06, 2026","=""236659227709469""",SPM|Phrase Dabble|B07T516S4Y|EV,DAILY_BUDGET,500,ENABLED,No Portfolio,-1,INR,128,0,0.0000%,,0,0.00,,0.00000,0,0.00,0,,,,
"Jul 05, 2026","=""83950023728403""",SPM|Phrase|My ABC Trace & Colour Kit |EV,DAILY_BUDGET,425,ENABLED,No Portfolio,-1,INR,51,0,0.0000%,,0,0.00,,0.00000,0,0.00,0,,,,
"Jul 06, 2026","=""247280254067186""",SPT|Magic paint Dust|Lattooland|EV,DAILY_BUDGET,1000,ENABLED,No Portfolio,-1,INR,511,31,6.0665%,18.12710,6,3574.76,6.36146,6995.61644,6,3574.76,6,,,,
"Jul 06, 2026","=""265370402119116""",SPM|finger paint|B0CTHWVRJY|EV,DAILY_BUDGET,425,ENABLED,No Portfolio,-1,INR,201,5,2.4876%,21.00600,1,420.34,4.00210,2091.24378,1,420.34,1,,,,
"Jul 04, 2026","=""283803922216826""",SD|PT|Reach|EV,DAILY_BUDGET,500,PAUSED,MIX,97346527170228,INR,2348,7,0.2981%,13.04862,1,560.16,6.13267,238.56900,1,560.16,1,1,560.16,1,100.00
"Jul 06, 2026","=""529319334663227""",SPM finger Paints KW/Phrase evits,DAILY_BUDGET,200,PAUSED,Finger Paints,159287746377553,INR,70,1,1.4286%,16.55000,0,0.00,0.00000,0.00000,0,0.00,0,,,,
"Jul 04, 2026","=""291837356167536""",ST CT | Flip Flap | EV,DAILY_BUDGET,525,PAUSED,Flip Flap,2748744653088,INR,539,1,0.1855%,4.91000,0,0.00,0.00000,0.00000,0,0.00,0,,,,
"Jul 04, 2026","=""346831860454384""",SPA|Loose|fEV,DAILY_BUDGET,500,PAUSED,MIX,97346527170228,INR,7593,5,0.0659%,4.14200,0,0.00,0.00000,0.00000,0,0.00,0,,,,
"Jul 06, 2026","=""417778091214825""",SPM Crayon kw/phrase evits,DAILY_BUDGET,1500,PAUSED,Crayons EV,168785445729730,INR,209,1,0.4785%,9.90000,0,0.00,0.00000,0.00000,0,0.00,0,,,,
"Jul 05, 2026","=""194327606444428""",SPT|All in one paint kit|EV,DAILY_BUDGET,800,ENABLED,No Portfolio,-1,INR,341,7,2.0528%,9.40429,0,0.00,0.00000,0.00000,0,0.00,0,,,,
"Jul 04, 2026","=""195915006483249""",SB|StoreFront|EV,DAILY_BUDGET,1000,ENABLED,No Portfolio,-1,INR,601,10,1.6639%,30.75000,3,1582.10,5.14504,2632.44592,3,1582.10,3,0,0.00,0,0.00
"Jul 06, 2026","=""248653071304451""",SPM|Combos|EV,DAILY_BUDGET,800,PAUSED,No Portfolio,-1,INR,3,0,0.0000%,,0,0.00,,0.00000,0,0.00,0,,,,
"Jul 05, 2026","=""168704135322778""",SD VCPM finger paints Loop,DAILY_BUDGET,500,PAUSED,Finger Paints,159287746377553,INR,4108,12,0.2921%,17.36934,1,846.61,4.06180,206.08812,1,846.61,1,0,0.00,0,0.00
"Jul 04, 2026","=""121649176852077""",SPM|LowImpression|PlayDough|EV,DAILY_BUDGET,425,PAUSED,No Portfolio,-1,INR,941,6,0.6376%,14.16000,0,0.00,0.00000,0.00000,0,0.00,0,,,,
"Jul 05, 2026","=""260740121954175""",SPM|Crayon|Phrase|EV,DAILY_BUDGET,800,ENABLED,No Portfolio,-1,INR,2222,13,0.5851%,17.63154,0,0.00,0.00000,0.00000,0,0.00,0,,,,
"Jul 05, 2026","=""514020847273341""",SPM|Exact|PlayDough|1EV,DAILY_BUDGET,500,PAUSED,Play Dough,35432676096043,INR,186,1,0.5376%,11.73000,0,0.00,0.00000,0.00000,0,0.00,0,,,,
"Jul 05, 2026","=""71699999463624""",SPT|B0CTHWVRJY|Market Basket Analysis|EV,DAILY_BUDGET,750,ENABLED,No Portfolio,-1,INR,353,3,0.8499%,15.68667,0,0.00,0.00000,0.00000,0,0.00,0,,,,
"Jul 04, 2026","=""253109416973395""",SPT|FingerPaint|New|EV,DAILY_BUDGET,800,PAUSED,No Portfolio,-1,INR,27,0,0.0000%,,0,0.00,,0.00000,0,0.00,0,,,,
"Jul 05, 2026","=""298366136066434""",SPM Brand KW/exact evits,DAILY_BUDGET,450,PAUSED,MIX,97346527170228,INR,4,0,0.0000%,,0,0.00,,0.00000,0,0.00,0,,,,
"Jul 06, 2026","=""283803922216826""",SD|PT|Reach|EV,DAILY_BUDGET,500,PAUSED,MIX,97346527170228,INR,2942,2,0.0680%,58.31070,0,0.00,0.00000,0.00000,0,0.00,0,0,0.00,0,
"Jul 05, 2026","=""176679979170193""",SPM | PHRASE | Hand and Foot Print Kit | EV,DAILY_BUDGET,400,ENABLED,No Portfolio,-1,INR,1062,9,0.8475%,5.86889,1,517.14,9.79061,486.94915,1,517.14,1,,,,
"Jul 04, 2026","=""456114220616727""",SPT|Doms Finger Paints|EV,DAILY_BUDGET,1700,PAUSED,Finger Paints,159287746377553,INR,1,0,0.0000%,,0,0.00,,0.00000,0,0.00,0,,,,
"Jul 06, 2026","=""279062816688209""",SPM | PHRASE | CRAYON | EV,DAILY_BUDGET,400,ENABLED,No Portfolio,-1,INR,2123,10,0.4710%,5.96100,0,0.00,0.00000,0.00000,0,0.00,0,,,,
"Jul 04, 2026","=""383333671737797""",SPM | Phrase | Finger Paint | Toddler KW | EV,DAILY_BUDGET,300,ENABLED,Finger Paints,159287746377553,INR,386,3,0.7772%,19.29333,0,0.00,0.00000,0.00000,0,0.00,0,,,,
"Jul 04, 2026","=""233255998804250""",SPM | COMP | THOOVI | FINGERPAINT | EV,DAILY_BUDGET,400,ENABLED,No Portfolio,-1,INR,3,0,0.0000%,,0,0.00,,0.00000,0,0.00,0,,,,
"Jul 06, 2026","=""107307762064699""",sbv | pt comp | sensory play dough | ev,DAILY_BUDGET,300,PAUSED,No Portfolio,-1,INR,34,0,0.0000%,,0,0.00,,0.00000,0,0.00,0,0,0.00,0,
"Jul 04, 2026","=""53195916546472""",SB|Banner | prime day |FingerPaint|EV,DAILY_BUDGET,1000,ENABLED,No Portfolio,-1,INR,10901,72,0.6605%,5.76264,7,4064.39,9.79584,372.84561,7,4064.39,7,4,2333.89,4,57.42
"Jul 05, 2026","=""150034018323158""",SPT|B096WGCRL3|Market Basket Analysis|EV,DAILY_BUDGET,425,ENABLED,No Portfolio,-1,INR,4,0,0.0000%,,0,0.00,,0.00000,0,0.00,0,,,,
"Jul 04, 2026","=""544846735738819""",SPM | Phrase | Painting Kit | EV,DAILY_BUDGET,300,ENABLED,Finger Paints,159287746377553,INR,3791,35,0.9232%,7.19171,1,474.29,1.88427,125.10947,1,474.29,1,,,,
"Jul 04, 2026","=""144096496718251""",SPM | SELF PT | MIX ASIN | EV,DAILY_BUDGET,300,PAUSED,No Portfolio,-1,INR,7,0,0.0000%,,0,0.00,,0.00000,0,0.00,0,,,,
"Jul 04, 2026","=""274665725007226""",SD|Crayon|EV,DAILY_BUDGET,500,ENABLED,No Portfolio,-1,INR,1212,3,0.2475%,12.48667,0,0.00,0.00000,0.00000,0,0.00,0,0,0.00,0,
"Jul 04, 2026","=""480922830906173""",SPT|New Launch on Top|EV,DAILY_BUDGET,500,ENABLED,MIX,97346527170228,INR,94,0,0.0000%,,0,0.00,,0.00000,0,0.00,0,,,,
"Jul 06, 2026","=""53195916546472""",SB|Banner | prime day |FingerPaint|EV,DAILY_BUDGET,1000,ENABLED,No Portfolio,-1,INR,8056,51,0.6331%,7.19608,4,1916.10,5.22098,237.84757,4,1916.10,4,4,1916.10,4,100.00
"Jul 06, 2026","=""132208059278681""",SPT|B09WMGR9M8|Market Basket Analysis|EV,DAILY_BUDGET,425,ENABLED,No Portfolio,-1,INR,457,9,1.9694%,10.53778,1,327.62,3.45445,716.89278,1,327.62,1,,,,
"Jul 05, 2026","=""231753058693712""",SPT|Finger Paints|Comp|EV,DAILY_BUDGET,900,ENABLED,Finger Paints,159287746377553,INR,886,12,1.3544%,15.65750,0,0.00,0.00000,0.00000,0,0.00,0,,,,
"Jul 04, 2026","=""457849298361429""",SPT|FingerPaints|Comp|EV,DAILY_BUDGET,1800,ENABLED,Finger Paints,159287746377553,INR,136,1,0.7353%,4.06000,0,0.00,0.00000,0.00000,0,0.00,0,,,,
"Jul 05, 2026","=""527177961058816""",SPM finger Paints KW/Broad Evits,DAILY_BUDGET,2000,ENABLED,Finger Paints,159287746377553,INR,13909,58,0.4170%,27.15672,1,420.34,0.26687,30.22072,1,420.34,1,,,,
"Jul 05, 2026","=""91048989197574""",SPM | PHRASE | FLIP FLAP | EV,DAILY_BUDGET,400,PAUSED,No Portfolio,-1,INR,22,0,0.0000%,,0,0.00,,0.00000,0,0.00,0,,,,
"Jul 06, 2026","=""129285683076529""",SPM|Phase|Crayon|EV,DAILY_BUDGET,800,PAUSED,No Portfolio,-1,INR,4,0,0.0000%,,0,0.00,,0.00000,0,0.00,0,,,,
"Jul 04, 2026","=""281300911958416""",SPM|Exact|FingerPaint|New|EV,DAILY_BUDGET,425,ENABLED,No Portfolio,-1,INR,21,0,0.0000%,,0,0.00,,0.00000,0,0.00,0,,,,
"Jul 05, 2026","=""202985626991089""",SPT|Colouring Page||EV,DAILY_BUDGET,425,PAUSED,No Portfolio,-1,INR,331,6,1.8127%,12.25833,0,0.00,0.00000,0.00000,0,0.00,0,,,,
"Jul 06, 2026","=""558169419315915""",SPM|Stencil|BrandedKWPhrase|EV,DAILY_BUDGET,300,ENABLED,Stencil,136092957990149,INR,18,0,0.0000%,,0,0.00,,0.00000,0,0.00,0,,,,
"Jul 04, 2026","=""263574403012949""",SPM|Magic Paint Dust |Phrase|EV,DAILY_BUDGET,425,PAUSED,No Portfolio,-1,INR,116,0,0.0000%,,0,0.00,,0.00000,0,0.00,0,,,,
"Jul 06, 2026","=""544846735738819""",SPM | Phrase | Painting Kit | EV,DAILY_BUDGET,300,ENABLED,Finger Paints,159287746377553,INR,1879,11,0.5854%,7.12273,0,0.00,0.00000,0.00000,0,0.00,0,,,,
"Jul 05, 2026","=""401811448251433""",SPT|Dino|Stencil DIY |EV,DAILY_BUDGET,500,PAUSED,Stencil,136092957990149,INR,3,0,0.0000%,,0,0.00,,0.00000,0,0.00,0,,,,
"Jul 04, 2026","=""140982265020090""",SPT|B07T2W496G|Market Basket Analysis|EV,DAILY_BUDGET,350,PAUSED,No Portfolio,-1,INR,3,0,0.0000%,,0,0.00,,0.00000,0,0.00,0,,,,
"Jul 06, 2026","=""123352051178567""",SPM|HighImpression|FingerPaint|EV,DAILY_BUDGET,425,PAUSED,No Portfolio,-1,INR,6,0,0.0000%,,0,0.00,,0.00000,0,0.00,0,,,,
"Jul 06, 2026","=""126579192462464""",spt | comp | Funskool Store | ev,DAILY_BUDGET,300,PAUSED,No Portfolio,-1,INR,9,0,0.0000%,,0,0.00,,0.00000,0,0.00,0,,,,
"Jul 04, 2026","=""278209549281730""",SBV|B0FMFR1ZVN|NewPlayDough|EV,DAILY_BUDGET,500,PAUSED,No Portfolio,-1,INR,723,4,0.5533%,11.52250,0,0.00,0.00000,0.00000,0,0.00,0,0,0.00,0,
"Jul 04, 2026","=""121128522600745""",SPT|Crayon|EV,DAILY_BUDGET,1000,PAUSED,No Portfolio,-1,INR,1462,3,0.2052%,15.56667,0,0.00,0.00000,0.00000,0,0.00,0,,,,
"Jul 04, 2026","=""234981482573654""",SPT|B0B1DT53X9|Market Basket Analysis|EV,DAILY_BUDGET,350,PAUSED,No Portfolio,-1,INR,1,0,0.0000%,,0,0.00,,0.00000,0,0.00,0,,,,
"Jul 06, 2026","=""514020847273341""",SPM|Exact|PlayDough|1EV,DAILY_BUDGET,500,PAUSED,Play Dough,35432676096043,INR,139,0,0.0000%,,0,0.00,,0.00000,0,0.00,0,,,,
"Jul 04, 2026","=""476068278695542""",SPT|COMP|Starter Painting Fun Pack|EV,DAILY_BUDGET,2500,ENABLED,Finger Paints,159287746377553,INR,380,5,1.3158%,17.65000,0,0.00,0.00000,0.00000,0,0.00,0,,,,
"Jul 06, 2026","=""255385106500028""",SPT | COMP | BRUSH | EV,DAILY_BUDGET,450,ENABLED,No Portfolio,-1,INR,60,0,0.0000%,,0,0.00,,0.00000,0,0.00,0,,,,
"Jul 04, 2026","=""7902791986626""",SBV | PT COMP | PLAYDOUGH KIT | EV,DAILY_BUDGET,300,ENABLED,No Portfolio,-1,INR,354,1,0.2825%,8.44000,0,0.00,0.00000,0.00000,0,0.00,0,0,0.00,0,
"Jul 05, 2026","=""117336351694168""",SPM|B0CV1653HN|Phrase|EV,DAILY_BUDGET,600,ENABLED,No Portfolio,-1,INR,9,0,0.0000%,,0,0.00,,0.00000,0,0.00,0,,,,
"Jul 06, 2026","=""48634121504600""",SPT|B09F3DTZDF|Market Basket Analysis|EV,DAILY_BUDGET,425,ENABLED,No Portfolio,-1,INR,5,0,0.0000%,,0,0.00,,0.00000,0,0.00,0,,,,
"Jul 05, 2026","=""129285683076529""",SPM|Phase|Crayon|EV,DAILY_BUDGET,800,PAUSED,No Portfolio,-1,INR,14,0,0.0000%,,0,0.00,,0.00000,0,0.00,0,,,,
"Jul 06, 2026","=""151128051182679""",SPM|Finger paint and brush|Phrase|EV,DAILY_BUDGET,425,ENABLED,No Portfolio,-1,INR,578,3,0.5190%,15.33333,0,0.00,0.00000,0.00000,0,0.00,0,,,,
"Jul 06, 2026","=""181618713453795""",SPM|Exact-2|FingerPaint|EV,DAILY_BUDGET,425,ENABLED,No Portfolio,-1,INR,2,0,0.0000%,,0,0.00,,0.00000,0,0.00,0,,,,
"Jul 06, 2026","=""545131917929283""",SP_PT_Finger Paint_Alternate Purchase,DAILY_BUDGET,300,PAUSED,Finger Paints,159287746377553,INR,155,0,0.0000%,,0,0.00,,0.00000,0,0.00,0,,,,
"Jul 04, 2026","=""113910544363369""",SPT|B0CV1653HN|Market Basket Analysis|EV,DAILY_BUDGET,350,ENABLED,No Portfolio,-1,INR,1,0,0.0000%,,0,0.00,,0.00000,0,0.00,0,,,,
"Jul 05, 2026","=""203247723034269""",SPM|FingerPaint|NewKW-1|EV,DAILY_BUDGET,500,ENABLED,No Portfolio,-1,INR,5834,35,0.5999%,25.24200,6,3515.14,3.97879,602.52657,6,3515.14,6,,,,
"Jul 04, 2026","=""81595854226365""",SPM|Colouring Page|EV,DAILY_BUDGET,425,ENABLED,No Portfolio,-1,INR,2740,5,0.1825%,23.68600,0,0.00,0.00000,0.00000,0,0.00,0,,,,
"Jul 05, 2026","=""159756310600623""",SPT|Colouring Page|EV,DAILY_BUDGET,600,ENABLED,No Portfolio,-1,INR,35,3,8.5714%,11.41333,0,0.00,0.00000,0.00000,0,0.00,0,,,,
"Jul 05, 2026","=""384672449138272""",SPM|Crayon|ToddlerKW|EV,DAILY_BUDGET,600,ENABLED,Crayons EV,168785445729730,INR,160,0,0.0000%,,0,0.00,,0.00000,0,0.00,0,,,,
"Jul 05, 2026","=""67520618520942""",SPM|Phrase|Stencil|EV,DAILY_BUDGET,400,PAUSED,Stencil,136092957990149,INR,55,1,1.8182%,4.37000,0,0.00,0.00000,0.00000,0,0.00,0,,,,
"Jul 05, 2026","=""257129658512024""",SPM | PHRASE | GLUE | EV,DAILY_BUDGET,400,ENABLED,No Portfolio,-1,INR,18,0,0.0000%,,0,0.00,,0.00000,0,0.00,0,,,,
"Jul 06, 2026","=""343269127329807""",SPM | Phrase | Bubble | EV,DAILY_BUDGET,300,ENABLED,Bubbles EV,107518603985453,INR,118,1,0.8475%,7.95000,0,0.00,0.00000,0.00000,0,0.00,0,,,,
"Jul 06, 2026","=""240964410978689""",SBV | COMP PT | SENSORY PLAYDOUGH | EV,DAILY_BUDGET,300,ENABLED,No Portfolio,-1,INR,2236,15,0.6708%,13.04533,2,910.65,4.65377,407.26744,2,910.65,2,2,910.65,2,100.00
"Jul 05, 2026","=""144096496718251""",SPM | SELF PT | MIX ASIN | EV,DAILY_BUDGET,300,PAUSED,No Portfolio,-1,INR,1,0,0.0000%,,0,0.00,,0.00000,0,0.00,0,,,,
"Jul 04, 2026","=""444516563288243""",SPT|PlayDough|Lattoland&PepPlay|EV,DAILY_BUDGET,500,PAUSED,Play Dough,35432676096043,INR,977,8,0.8188%,10.14375,0,0.00,0.00000,0.00000,0,0.00,0,,,,
"Jul 05, 2026","=""207315628827658""",SD|PT|TopASIN|EV,DAILY_BUDGET,1000,PAUSED,No Portfolio,-1,INR,54,0,0.0000%,,0,0.00,0.00000,0.00000,0,0.00,0,0,0.00,0,
"Jul 06, 2026","=""195661823815868""",SPT | COMP | FLIP FLAP | EV,DAILY_BUDGET,400,PAUSED,No Portfolio,-1,INR,48,0,0.0000%,,0,0.00,,0.00000,0,0.00,0,,,,
"Jul 06, 2026","=""260740121954175""",SPM|Crayon|Phrase|EV,DAILY_BUDGET,800,ENABLED,No Portfolio,-1,INR,1302,10,0.7680%,14.47100,1,390.48,2.69836,299.90783,1,390.48,1,,,,
"Jul 04, 2026","=""422753227659504""",SP_CT_Starter_fingerpaints_painting_EV,DAILY_BUDGET,200,PAUSED,Finger Paints,159287746377553,INR,1086,12,1.1050%,8.55667,1,409.52,3.98831,377.09024,1,409.52,1,,,,
"Jul 04, 2026","=""470470482165433""",SPM | Branded KW | New Launch | EV,DAILY_BUDGET,1600,ENABLED,Branded KWs,244185727769582,INR,1141,12,1.0517%,8.83917,0,0.00,0.00000,0.00000,0,0.00,0,,,,
"Jul 04, 2026","=""298366136066434""",SPM Brand KW/exact evits,DAILY_BUDGET,450,PAUSED,MIX,97346527170228,INR,4,0,0.0000%,,0,0.00,,0.00000,0,0.00,0,,,,
"Jul 05, 2026","=""284910278463143""",SPPT|Brush|Comp|EV,DAILY_BUDGET,500,ENABLED,Brush,193601647018990,INR,73,1,1.3699%,3.11000,0,0.00,0.00000,0.00000,0,0.00,0,,,,
"Jul 04, 2026","=""248653071304451""",SPM|Combos|EV,DAILY_BUDGET,800,PAUSED,No Portfolio,-1,INR,10,0,0.0000%,,0,0.00,,0.00000,0,0.00,0,,,,
"Jul 06, 2026","=""140982265020090""",SPT|B07T2W496G|Market Basket Analysis|EV,DAILY_BUDGET,350,PAUSED,No Portfolio,-1,INR,8,0,0.0000%,,0,0.00,,0.00000,0,0.00,0,,,,
"Jul 04, 2026","=""193548631172297""",SD audience tgt on finger paints - 3 colours,DAILY_BUDGET,300,PAUSED,No Portfolio,-1,INR,823,4,0.4860%,4.91750,0,0.00,0.00000,0.00000,0,0.00,0,0,0.00,0,
"Jul 04, 2026","=""486570888420330""",SPT|Bubble|Comp|EV,DAILY_BUDGET,500,ENABLED,Bubbles EV,107518603985453,INR,29,1,3.4483%,8.37000,0,0.00,0.00000,0.00000,0,0.00,0,,,,
"Jul 06, 2026","=""294032070490990""",SPM_Non_toxic paints,DAILY_BUDGET,400,PAUSED,Finger Paints,159287746377553,INR,4,0,0.0000%,,0,0.00,,0.00000,0,0.00,0,,,,
"Jul 06, 2026","=""284910278463143""",SPPT|Brush|Comp|EV,DAILY_BUDGET,500,ENABLED,Brush,193601647018990,INR,78,1,1.2821%,9.12000,0,0.00,0.00000,0.00000,0,0.00,0,,,,
"Jul 05, 2026","=""175284729942534""",SPT|Flip Flap|EV,DAILY_BUDGET,425,PAUSED,No Portfolio,-1,INR,12,0,0.0000%,,0,0.00,,0.00000,0,0.00,0,,,,
"Jul 05, 2026","=""34317093851237""",SPT|Crayon||EV,DAILY_BUDGET,500,ENABLED,No Portfolio,-1,INR,456,2,0.4386%,7.26000,0,0.00,0.00000,0.00000,0,0.00,0,,,,
"Jul 05, 2026","=""38374610858252""",SPT|Finger paint|EV,DAILY_BUDGET,2000,ENABLED,No Portfolio,-1,INR,2864,60,2.0950%,18.07400,4,1897.34,1.74960,662.47905,4,1897.34,4,,,,
"Jul 04, 2026","=""531233961055732""",SPCT | Paint Brush | EV,DAILY_BUDGET,200,PAUSED,Brush,193601647018990,INR,99,0,0.0000%,,0,0.00,,0.00000,0,0.00,0,,,,
"Jul 05, 2026","=""82534089099489""",SPM | Phrase KWs tgrt |--Evits,DAILY_BUDGET,700,ENABLED,Finger Paints,159287746377553,INR,8338,26,0.3118%,20.17038,1,517.14,0.98610,62.02207,1,517.14,1,,,,
"Jul 06, 2026","=""376052058590065""",SPT| Starter Painting Fun Pack|EV,DAILY_BUDGET,925,PAUSED,Finger Paints,159287746377553,INR,73,2,2.7397%,11.60000,0,0.00,0.00000,0.00000,0,0.00,0,,,,
"Jul 05, 2026","=""42470785252011""",SPM | PHRASE | FINGER PAIND AND BRUSH | EV,DAILY_BUDGET,400,PAUSED,No Portfolio,-1,INR,789,4,0.5070%,7.22000,0,0.00,0.00000,0.00000,0,0.00,0,,,,
"Jul 05, 2026","=""89457641769816""",SPM||Finger paint|Phrase|EV,DAILY_BUDGET,3000,ENABLED,No Portfolio,-1,INR,3622,27,0.7454%,14.27593,4,1961.29,5.08831,541.49365,4,1961.29,4,,,,
"Jul 05, 2026","=""398929024024547""",SPM|Finger Paints|TOS|EV,DAILY_BUDGET,600,ENABLED,Finger Paints,159287746377553,INR,17,0,0.0000%,,0,0.00,,0.00000,0,0.00,0,,,,
"Jul 05, 2026","=""209720014419991""",SPM|Apron|Phrase|EV,DAILY_BUDGET,425,PAUSED,No Portfolio,-1,INR,1,0,0.0000%,,0,0.00,,0.00000,0,0.00,0,,,,
"Jul 05, 2026","=""56452777781572""",SPT|B096WD8RC2|Market Basket Analysis|EV,DAILY_BUDGET,425,ENABLED,No Portfolio,-1,INR,3,0,0.0000%,,0,0.00,,0.00000,0,0.00,0,,,,
"Jul 06, 2026","=""199827147068449""",SPM|Phrase|BabyCrayon|EV,DAILY_BUDGET,425,PAUSED,No Portfolio,-1,INR,1,0,0.0000%,,0,0.00,,0.00000,0,0.00,0,,,,
"Jul 04, 2026","=""529319334663227""",SPM finger Paints KW/Phrase evits,DAILY_BUDGET,200,PAUSED,Finger Paints,159287746377553,INR,808,2,0.2475%,14.00000,0,0.00,0.00000,0.00000,0,0.00,0,,,,
"Jul 06, 2026","=""321162675604576""",SP|PT|Comp|Map|EV,DAILY_BUDGET,425,PAUSED,MAP,248982874073991,INR,41,0,0.0000%,,0,0.00,,0.00000,0,0.00,0,,,,
"Jul 05, 2026","=""465006842425907""",SPA_Close_Jupiter Sale,DAILY_BUDGET,350,PAUSED,MIX,97346527170228,INR,5642,16,0.2836%,8.13750,0,0.00,0.00000,0.00000,0,0.00,0,,,,
"Jul 06, 2026","=""212551373579687""",SPM | PHRASE | My ABC Trace & Colour Kit  | EV,DAILY_BUDGET,350,ENABLED,No Portfolio,-1,INR,2,0,0.0000%,,0,0.00,,0.00000,0,0.00,0,,,,
"Jul 04, 2026","=""202163593914826""",SPT COMP | EXACT | Imagimake1 | EV,DAILY_BUDGET,200,ENABLED,No Portfolio,-1,INR,58,0,0.0000%,,0,0.00,,0.00000,0,0.00,0,,,,
"Jul 04, 2026","=""24688243279829""",SPM|Magic Paint Dust|Phrase|EV,DAILY_BUDGET,2000,PAUSED,No Portfolio,-1,INR,297,5,1.6835%,10.86000,1,560.95,10.33057,1888.72054,1,560.95,1,,,,
"Jul 06, 2026","=""86884225172261""",SPM|MaxCoverage|Finger paint|EV,DAILY_BUDGET,425,ENABLED,No Portfolio,-1,INR,598,3,0.5017%,1.30000,0,0.00,0.00000,0.00000,0,0.00,0,,,,
"Jul 05, 2026","=""11899110441208""",SPM|Exact|B07T516S4Y|EV,DAILY_BUDGET,500,ENABLED,No Portfolio,-1,INR,57,4,7.0175%,20.35250,0,0.00,0.00000,0.00000,0,0.00,0,,,,
"Jul 05, 2026","=""236994616752429""",SPM|Phrase|KW|Crayon|EV,DAILY_BUDGET,425,ENABLED,Crayons EV,168785445729730,INR,352,0,0.0000%,,0,0.00,,0.00000,0,0.00,0,,,,
"Jul 06, 2026","=""209741811421198""",SD|Audiences likely to be interested in your ad|EV,DAILY_BUDGET,400,PAUSED,No Portfolio,-1,INR,2705,1,0.0370%,1.42000,0,0.00,0.00000,0.00000,0,0.00,0,0,0.00,0,
"Jul 05, 2026","=""137579869166904""",SD|PT|Self|EV,DAILY_BUDGET,500,PAUSED,No Portfolio,-1,INR,442,0,0.0000%,,0,0.00,0.00000,0.00000,0,0.00,0,0,0.00,0,
"Jul 06, 2026","=""176679979170193""",SPM | PHRASE | Hand and Foot Print Kit | EV,DAILY_BUDGET,400,ENABLED,No Portfolio,-1,INR,1118,10,0.8945%,6.17700,2,1034.28,16.74405,925.11628,2,1034.28,2,,,,
"Jul 05, 2026","=""373536731066978""",SB Banner Video Paints and crayons Evits,DAILY_BUDGET,600,ENABLED,MIX,97346527170228,INR,792,9,1.1364%,8.72333,2,1522.32,19.39014,1922.12121,2,1522.32,2,0,0.00,0,0.00
"Jul 06, 2026","=""121128522600745""",SPT|Crayon|EV,DAILY_BUDGET,1000,PAUSED,No Portfolio,-1,INR,4629,7,0.1512%,12.09857,1,350.48,4.13839,75.71398,1,350.48,1,,,,
"Jul 04, 2026","=""266792110500631""",SPT|Self|EV,DAILY_BUDGET,1000,ENABLED,MIX,97346527170228,INR,1882,29,1.5409%,9.39759,5,3157.62,11.58632,1677.80021,5,3157.62,5,,,,
"Jul 05, 2026","=""444606167193508""",SP|PT|B096WGCRL3|Comp|EV,DAILY_BUDGET,300,PAUSED,MIX,97346527170228,INR,41,0,0.0000%,,0,0.00,,0.00000,0,0.00,0,,,,
"Jul 06, 2026","=""191133007078195""",SPM|Finger|Paints|EV,DAILY_BUDGET,800,PAUSED,No Portfolio,-1,INR,2946,9,0.3055%,14.84333,0,0.00,0.00000,0.00000,0,0.00,0,,,,
"Jul 05, 2026","=""143418681856266""",SPM|FingerPaint|B0CTHWVRJY|Exact|EV,DAILY_BUDGET,500,ENABLED,No Portfolio,-1,INR,1,0,0.0000%,,0,0.00,,0.00000,0,0.00,0,,,,
"Jul 05, 2026","=""343269127329807""",SPM | Phrase | Bubble | EV,DAILY_BUDGET,300,ENABLED,Bubbles EV,107518603985453,INR,350,2,0.5714%,6.43500,0,0.00,0.00000,0.00000,0,0.00,0,,,,
"Jul 04, 2026","=""154358744913062""",SPM|Exact|Playdough|EV,DAILY_BUDGET,1300,ENABLED,No Portfolio,-1,INR,7128,41,0.5752%,23.86878,11,5427.06,5.54563,761.37205,11,5427.06,11,,,,
"Jul 05, 2026","=""430603660145796""",SPT|Comp|Mix|EV,DAILY_BUDGET,700,PAUSED,Finger Paints,159287746377553,INR,436,3,0.6881%,5.73667,0,0.00,0.00000,0.00000,0,0.00,0,,,,
"Jul 05, 2026","=""53195916546472""",SB|Banner | prime day |FingerPaint|EV,DAILY_BUDGET,1000,ENABLED,No Portfolio,-1,INR,12439,78,0.6271%,8.03474,11,6941.73,11.07646,558.06174,11,6941.73,11,9,5527.87,9,79.63
"Jul 04, 2026","=""344257502916404""",SPM|PlayDough|Organic Rank-2|EV,DAILY_BUDGET,500,PAUSED,Play Dough,35432676096043,INR,91,0,0.0000%,,0,0.00,,0.00000,0,0.00,0,,,,
"Jul 05, 2026","=""134140664581910""",SPM|Brush Set|Phrase|EV,DAILY_BUDGET,425,ENABLED,No Portfolio,-1,INR,214,0,0.0000%,,0,0.00,,0.00000,0,0.00,0,,,,
"Jul 06, 2026","=""532504289153383""",SB|PT|EV,DAILY_BUDGET,1600,ENABLED,Finger Paints,159287746377553,INR,5044,27,0.5353%,8.25222,3,1600.00,7.18101,317.20857,3,1600.00,3,3,1600.00,3,100.00
"Jul 05, 2026","=""172460400563162""",SPT|B0CV1653HN||Market Basket Analysis|EV,DAILY_BUDGET,300,ENABLED,No Portfolio,-1,INR,6,0,0.0000%,,0,0.00,,0.00000,0,0.00,0,,,,
"Jul 04, 2026","=""109068887651517""",SPA|Low Sessions | Low Conversion|4|EV,DAILY_BUDGET,425,ENABLED,Medium Sales,50595836317071,INR,3706,23,0.6206%,4.95609,0,0.00,0.00000,0.00000,0,0.00,0,,,,
"Jul 06, 2026","=""264272327799221""",SPT SELF | EXACT | FINGER PAINT | EV,DAILY_BUDGET,200,ENABLED,No Portfolio,-1,INR,9,0,0.0000%,,0,0.00,,0.00000,0,0.00,0,,,,
"Jul 05, 2026","=""544846735738819""",SPM | Phrase | Painting Kit | EV,DAILY_BUDGET,300,ENABLED,Finger Paints,159287746377553,INR,4249,17,0.4001%,6.99765,2,668.57,5.62012,157.34761,2,668.57,2,,,,
"Jul 06, 2026","=""434559981709809""",SPT Comp. | Finger Paint | EV,DAILY_BUDGET,800,PAUSED,Finger Paints,159287746377553,INR,5,0,0.0000%,,0,0.00,,0.00000,0,0.00,0,,,,
"Jul 04, 2026","=""183807700450097""",SPT | self | asins top | ev,DAILY_BUDGET,2000,ENABLED,No Portfolio,-1,INR,1059,8,0.7554%,10.02375,3,1165.54,14.53473,1100.60434,3,1165.54,3,,,,
"Jul 06, 2026","=""362368043855713""",SPA_Loose_Jupiter Sale,DAILY_BUDGET,350,ENABLED,MIX,97346527170228,INR,6653,37,0.5561%,5.99324,2,1075.42,4.84970,161.64437,2,1075.42,2,,,,
"Jul 05, 2026","=""434873441648837""",SPT|Non-Toxic Finger Paints Pack Of 3|Comp|EV,DAILY_BUDGET,400,PAUSED,Finger Paints,159287746377553,INR,204,3,1.4706%,19.14333,0,0.00,0.00000,0.00000,0,0.00,0,,,,
"Jul 06, 2026","=""367062819319868""",SPA|Crayon|AmazonPI|EV,DAILY_BUDGET,500,ENABLED,Crayons EV,168785445729730,INR,1396,2,0.1433%,5.91000,0,0.00,0.00000,0.00000,0,0.00,0,,,,
"Jul 06, 2026","=""302790106560286""",SBV|Starter Painting Fun Pack|EV,DAILY_BUDGET,1400,ENABLED,Finger Paints,159287746377553,INR,1483,15,1.0115%,7.38733,0,0.00,0.00000,0.00000,0,0.00,0,0,0.00,0,
"Jul 06, 2026","=""137579869166904""",SD|PT|Self|EV,DAILY_BUDGET,500,PAUSED,No Portfolio,-1,INR,210,0,0.0000%,,0,0.00,0.00000,0.00000,0,0.00,0,0,0.00,0,
"Jul 05, 2026","=""208411996321381""",SPT | COMP | Hand and Foot Print Kit | EV,DAILY_BUDGET,400,ENABLED,No Portfolio,-1,INR,324,13,4.0123%,7.33538,0,0.00,0.00000,0.00000,0,0.00,0,,,,
"Jul 04, 2026","=""219320864200237""",SPM | top asin | exact | ev,DAILY_BUDGET,425,PAUSED,No Portfolio,-1,INR,17,0,0.0000%,,0,0.00,,0.00000,0,0.00,0,,,,
"Jul 06, 2026","=""347410518250505""",SBV|NewVideo|PlayDough|EV,DAILY_BUDGET,500,ENABLED,Play Dough,35432676096043,INR,485,8,1.6495%,13.31000,0,0.00,0.00000,0.00000,0,0.00,0,0,0.00,0,
"Jul 05, 2026","=""451444588145435""",SB|Stencil|Ev,DAILY_BUDGET,200,PAUSED,Stencil,136092957990149,INR,451,6,1.3304%,10.80667,0,0.00,0.00000,0.00000,0,0.00,0,0,0.00,0,
"Jul 05, 2026","=""473350929501931""",SPT|Self|Crayon|EV,DAILY_BUDGET,1400,ENABLED,Crayons EV,168785445729730,INR,296,3,1.0135%,12.40333,1,350.48,9.41897,1184.05405,1,350.48,1,,,,
"Jul 05, 2026","=""45038153420172""",SPM|Phrase|Bubble|EV,DAILY_BUDGET,425,ENABLED,No Portfolio,-1,INR,186,0,0.0000%,,0,0.00,,0.00000,0,0.00,0,,,,
"Jul 05, 2026","=""145416888791707""",SPM|PlayDough|CVR|Phrase|EV,DAILY_BUDGET,425,ENABLED,No Portfolio,-1,INR,41,0,0.0000%,,0,0.00,,0.00000,0,0.00,0,,,,
"Jul 05, 2026","=""107307762064699""",sbv | pt comp | sensory play dough | ev,DAILY_BUDGET,300,PAUSED,No Portfolio,-1,INR,52,0,0.0000%,,0,0.00,,0.00000,0,0.00,0,0,0.00,0,
"Jul 04, 2026","=""80687361895683""",SPM|Phrase|high CTR|FingerpaintEV,DAILY_BUDGET,425,PAUSED,No Portfolio,-1,INR,2,0,0.0000%,,0,0.00,,0.00000,0,0.00,0,,,,
"Jul 06, 2026","=""470470482165433""",SPM | Branded KW | New Launch | EV,DAILY_BUDGET,1600,ENABLED,Branded KWs,244185727769582,INR,694,6,0.8646%,11.01000,2,981.36,14.85559,1414.06340,2,981.36,2,,,,
"Jul 04, 2026","=""277990454199457""",SPM|Playdough|Phrase|EV,DAILY_BUDGET,1000,PAUSED,No Portfolio,-1,INR,4867,23,0.4726%,19.77087,0,0.00,0.00000,0.00000,0,0.00,0,,,,
"Jul 04, 2026","=""104083670362882""",SPM | BROAD | FINGER PAINT | EV,DAILY_BUDGET,300,PAUSED,No Portfolio,-1,INR,53,1,1.8868%,6.72000,0,0.00,0.00000,0.00000,0,0.00,0,,,,
"Jul 06, 2026","=""82534089099489""",SPM | Phrase KWs tgrt |--Evits,DAILY_BUDGET,700,ENABLED,Finger Paints,159287746377553,INR,2553,39,1.5276%,11.81692,9,3822.31,8.29386,1497.18371,9,3822.31,9,,,,
"Jul 06, 2026","=""70447777015054""",SPM|PlayDough | prime day |EV,DAILY_BUDGET,1000,ENABLED,No Portfolio,-1,INR,10088,31,0.3073%,7.27129,2,1364.41,6.05302,135.25079,2,1364.41,2,,,,
"Jul 04, 2026","=""373536731066978""",SB Banner Video Paints and crayons Evits,DAILY_BUDGET,600,ENABLED,MIX,97346527170228,INR,385,3,0.7792%,5.21000,0,0.00,0.00000,0.00000,0,0.00,0,0,0.00,0,
"Jul 05, 2026","=""247280254067186""",SPT|Magic paint Dust|Lattooland|EV,DAILY_BUDGET,1000,ENABLED,No Portfolio,-1,INR,29,0,0.0000%,,0,0.00,,0.00000,0,0.00,0,,,,
"Jul 05, 2026","=""13287456874249""",SBV on Crayons beeswax - pack of 8,DAILY_BUDGET,406,ENABLED,MIX,97346527170228,INR,159,1,0.6289%,2.00000,0,0.00,0.00000,0.00000,0,0.00,0,0,0.00,0,
"Jul 06, 2026","=""35955913989064""",SPM|Phrase | prime day |MixASIN-1|EV,DAILY_BUDGET,2000,ENABLED,No Portfolio,-1,INR,45604,111,0.2434%,19.82973,7,3463.45,1.57351,75.94619,7,3463.45,7,,,,
"Jul 06, 2026","=""236994616752429""",SPM|Phrase|KW|Crayon|EV,DAILY_BUDGET,425,ENABLED,Crayons EV,168785445729730,INR,287,0,0.0000%,,0,0.00,,0.00000,0,0.00,0,,,,
"Jul 05, 2026","=""279062816688209""",SPM | PHRASE | CRAYON | EV,DAILY_BUDGET,400,ENABLED,No Portfolio,-1,INR,1612,4,0.2481%,5.53500,0,0.00,0.00000,0.00000,0,0.00,0,,,,
"Jul 06, 2026","=""62185874403739""",SPT|B0B1DT53X9|Market Basket Analysis||EV,DAILY_BUDGET,350,ENABLED,No Portfolio,-1,INR,7,0,0.0000%,,0,0.00,,0.00000,0,0.00,0,,,,
"Jul 06, 2026","=""106502393393870""",SPM \ phrase | top asins | ev,DAILY_BUDGET,425,PAUSED,No Portfolio,-1,INR,51,0,0.0000%,,0,0.00,,0.00000,0,0.00,0,,,,
"Jul 04, 2026","=""14266908817652""",SPM|Phrase|PlayDOughAll|EV,DAILY_BUDGET,425,PAUSED,No Portfolio,-1,INR,1910,8,0.4188%,15.69625,0,0.00,0.00000,0.00000,0,0.00,0,,,,
"Jul 06, 2026","=""257129658512024""",SPM | PHRASE | GLUE | EV,DAILY_BUDGET,400,ENABLED,No Portfolio,-1,INR,3,0,0.0000%,,0,0.00,,0.00000,0,0.00,0,,,,
"Jul 06, 2026","=""91048989197574""",SPM | PHRASE | FLIP FLAP | EV,DAILY_BUDGET,400,PAUSED,No Portfolio,-1,INR,1,0,0.0000%,,0,0.00,,0.00000,0,0.00,0,,,,
"Jul 04, 2026","=""207315628827658""",SD|PT|TopASIN|EV,DAILY_BUDGET,1000,PAUSED,No Portfolio,-1,INR,267,2,0.7491%,4.07782,0,0.00,0.00000,0.00000,0,0.00,0,0,0.00,0,
"Jul 06, 2026","=""89457641769816""",SPM||Finger paint|Phrase|EV,DAILY_BUDGET,3000,ENABLED,No Portfolio,-1,INR,937,19,2.0277%,11.10000,5,2231.36,10.58018,2381.38741,5,2231.36,5,,,,
"Jul 05, 2026","=""121649176852077""",SPM|LowImpression|PlayDough|EV,DAILY_BUDGET,425,PAUSED,No Portfolio,-1,INR,856,11,1.2850%,13.17364,0,0.00,0.00000,0.00000,0,0.00,0,,,,
"Jul 05, 2026","=""11947950277185""",SPT|Brush Set||EV,DAILY_BUDGET,500,ENABLED,No Portfolio,-1,INR,843,3,0.3559%,13.58667,0,0.00,0.00000,0.00000,0,0.00,0,,,,
"Jul 06, 2026","=""384672449138272""",SPM|Crayon|ToddlerKW|EV,DAILY_BUDGET,600,ENABLED,Crayons EV,168785445729730,INR,194,0,0.0000%,,0,0.00,,0.00000,0,0.00,0,,,,
"Jul 05, 2026","=""255385106500028""",SPT | COMP | BRUSH | EV,DAILY_BUDGET,450,ENABLED,No Portfolio,-1,INR,205,0,0.0000%,,0,0.00,,0.00000,0,0.00,0,,,,
"Jul 05, 2026","=""277990454199457""",SPM|Playdough|Phrase|EV,DAILY_BUDGET,1000,PAUSED,No Portfolio,-1,INR,2516,14,0.5564%,19.37929,1,700.85,2.58321,278.55723,1,700.85,1,,,,
"Jul 04, 2026","=""119149886141956""",SPT|Playdough|EV,DAILY_BUDGET,1200,ENABLED,No Portfolio,-1,INR,1723,41,2.3796%,11.17927,6,3243.22,7.07586,1882.30993,6,3243.22,6,,,,
"Jul 06, 2026","=""117336351694168""",SPM|B0CV1653HN|Phrase|EV,DAILY_BUDGET,600,ENABLED,No Portfolio,-1,INR,19,1,5.2632%,5.38000,0,0.00,0.00000,0.00000,0,0.00,0,,,,
"Jul 04, 2026","=""90194087082837""",SPM|Braod|HighIS|FingerPaint\EV,DAILY_BUDGET,1000,ENABLED,No Portfolio,-1,INR,3916,21,0.5363%,22.37429,2,1179.66,2.51066,301.24106,2,1179.66,2,,,,
"Jul 06, 2026","=""480922830906173""",SPT|New Launch on Top|EV,DAILY_BUDGET,500,ENABLED,MIX,97346527170228,INR,144,0,0.0000%,,0,0.00,,0.00000,0,0.00,0,,,,
"Jul 04, 2026","=""232590085672905""",SPT | COMP | COLOURING PAGE | EV,DAILY_BUDGET,400,ENABLED,No Portfolio,-1,INR,508,5,0.9843%,6.52200,1,563.56,17.28182,1109.37008,1,563.56,1,,,,
"Jul 04, 2026","=""67520618520942""",SPM|Phrase|Stencil|EV,DAILY_BUDGET,400,PAUSED,Stencil,136092957990149,INR,62,1,1.6129%,4.81000,0,0.00,0.00000,0.00000,0,0.00,0,,,,
"Jul 05, 2026","=""434559981709809""",SPT Comp. | Finger Paint | EV,DAILY_BUDGET,800,PAUSED,Finger Paints,159287746377553,INR,6,0,0.0000%,,0,0.00,,0.00000,0,0.00,0,,,,
"Jul 04, 2026","=""191404326689136""",SPM|Hand and Foot Print Kit|Phrase|EV,DAILY_BUDGET,800,ENABLED,No Portfolio,-1,INR,111,3,2.7027%,5.95333,0,0.00,0.00000,0.00000,0,0.00,0,,,,
"Jul 05, 2026","=""248653071304451""",SPM|Combos|EV,DAILY_BUDGET,800,PAUSED,No Portfolio,-1,INR,3,0,0.0000%,,0,0.00,,0.00000,0,0.00,0,,,,
"Jul 05, 2026","=""444516563288243""",SPT|PlayDough|Lattoland&PepPlay|EV,DAILY_BUDGET,500,PAUSED,Play Dough,35432676096043,INR,537,9,1.6760%,8.45000,0,0.00,0.00000,0.00000,0,0.00,0,,,,
"Jul 05, 2026","=""104835423946722""",SBV | DESSERT PAINT | EV,DAILY_BUDGET,500,PAUSED,No Portfolio,-1,INR,9265,39,0.4209%,7.36000,0,0.00,0.00000,0.00000,0,0.00,0,0,0.00,0,
"Jul 04, 2026","=""45038153420172""",SPM|Phrase|Bubble|EV,DAILY_BUDGET,425,ENABLED,No Portfolio,-1,INR,210,1,0.4762%,3.86000,0,0.00,0.00000,0.00000,0,0.00,0,,,,
"Jul 06, 2026","=""116531586885885""",SPT||B0CV17BBLG|Market Basket Analysis|EV,DAILY_BUDGET,400,ENABLED,No Portfolio,-1,INR,10,0,0.0000%,,0,0.00,,0.00000,0,0.00,0,,,,
"Jul 05, 2026","=""232590085672905""",SPT | COMP | COLOURING PAGE | EV,DAILY_BUDGET,400,ENABLED,No Portfolio,-1,INR,392,2,0.5102%,7.94500,1,433.33,27.27061,1105.43367,1,433.33,1,,,,
"Jul 05, 2026","=""283803922216826""",SD|PT|Reach|EV,DAILY_BUDGET,500,PAUSED,MIX,97346527170228,INR,2760,4,0.1449%,26.76610,0,0.00,0.00000,0.00000,0,0.00,0,0,0.00,0,
"Jul 05, 2026","=""349833362276307""",SPM_Branded_Exact_EV,DAILY_BUDGET,2000,ENABLED,Branded KWs,244185727769582,INR,5534,32,0.5782%,12.85156,4,2185.22,5.31361,394.87170,4,2185.22,4,,,,
"Jul 04, 2026","=""176679979170193""",SPM | PHRASE | Hand and Foot Print Kit | EV,DAILY_BUDGET,400,ENABLED,No Portfolio,-1,INR,1265,7,0.5534%,7.38286,0,0.00,0.00000,0.00000,0,0.00,0,,,,
"Jul 05, 2026","=""236659227709469""",SPM|Phrase Dabble|B07T516S4Y|EV,DAILY_BUDGET,500,ENABLED,No Portfolio,-1,INR,197,0,0.0000%,,0,0.00,,0.00000,0,0.00,0,,,,
"Jul 05, 2026","=""104083670362882""",SPM | BROAD | FINGER PAINT | EV,DAILY_BUDGET,300,PAUSED,No Portfolio,-1,INR,65,1,1.5385%,6.90000,0,0.00,0.00000,0.00000,0,0.00,0,,,,
"Jul 04, 2026","=""82378655260785""",SPM|Apron|EV,DAILY_BUDGET,425,ENABLED,No Portfolio,-1,INR,135,2,1.4815%,6.53500,0,0.00,0.00000,0.00000,0,0.00,0,,,,
"Jul 05, 2026","=""20789723317726""",SPM|Phrase| Magic Bubbles |EV,DAILY_BUDGET,425,PAUSED,No Portfolio,-1,INR,2,0,0.0000%,,0,0.00,,0.00000,0,0.00,0,,,,
"Jul 06, 2026","=""1891799998362""",SPM|Dabble|PlayDough|EV,DAILY_BUDGET,625,PAUSED,No Portfolio,-1,INR,33,1,3.0303%,23.59000,0,0.00,0.00000,0.00000,0,0.00,0,,,,
"Jul 06, 2026","=""210389325199036""",SPT|FingerPaint|BSR-3|EV,DAILY_BUDGET,425,PAUSED,No Portfolio,-1,INR,341,1,0.2933%,10.32000,0,0.00,0.00000,0.00000,0,0.00,0,,,,
"Jul 05, 2026","=""82756575493820""",SPM|Dabble|CrayonSEL-MFN-DC08|EV,DAILY_BUDGET,425,PAUSED,No Portfolio,-1,INR,1,0,0.0000%,,0,0.00,,0.00000,0,0.00,0,,,,
"Jul 06, 2026","=""93589837215410""",SPM|HighIS|Phrase|FingerPaint|EV,DAILY_BUDGET,425,ENABLED,No Portfolio,-1,INR,11,0,0.0000%,,0,0.00,,0.00000,0,0.00,0,,,,
"Jul 05, 2026","=""344257502916404""",SPM|PlayDough|Organic Rank-2|EV,DAILY_BUDGET,500,PAUSED,Play Dough,35432676096043,INR,76,0,0.0000%,,0,0.00,,0.00000,0,0.00,0,,,,
"Jul 05, 2026","=""148717529917684""",SPM|Sensory Rice Kit |EV,DAILY_BUDGET,425,PAUSED,No Portfolio,-1,INR,642,12,1.8692%,9.81000,2,1121.90,9.53024,1747.50779,1,1121.90,2,,,,
"Jul 06, 2026","=""514027701504449""",SPA | Bubble Magic | EV,DAILY_BUDGET,300,ENABLED,Bubbles EV,107518603985453,INR,659,3,0.4552%,8.19333,0,0.00,0.00000,0.00000,0,0.00,0,,,,
"Jul 05, 2026","=""24688243279829""",SPM|Magic Paint Dust|Phrase|EV,DAILY_BUDGET,2000,PAUSED,No Portfolio,-1,INR,3259,21,0.6444%,13.36952,0,0.00,0.00000,0.00000,0,0.00,0,,,,
"Jul 06, 2026","=""385681463251727""",SPM|PT|Starter Painting Fun Pack|EV,DAILY_BUDGET,200,ENABLED,Finger Paints,159287746377553,INR,69,0,0.0000%,,0,0.00,,0.00000,0,0.00,0,,,,
"Jul 05, 2026","=""240964410978689""",SBV | COMP PT | SENSORY PLAYDOUGH | EV,DAILY_BUDGET,300,ENABLED,No Portfolio,-1,INR,3442,22,0.6392%,15.26136,1,700.84,2.08739,203.61418,1,700.84,1,0,0.00,0,0.00
"Jul 04, 2026","=""401811448251433""",SPT|Dino|Stencil DIY |EV,DAILY_BUDGET,500,PAUSED,Stencil,136092957990149,INR,5,0,0.0000%,,0,0.00,,0.00000,0,0.00,0,,,,
"Jul 04, 2026","=""97842557108414""",SPM|My First Puzzle|EV,DAILY_BUDGET,425,PAUSED,No Portfolio,-1,INR,9,0,0.0000%,,0,0.00,,0.00000,0,0.00,0,,,,
"Jul 04, 2026","=""265370402119116""",SPM|finger paint|B0CTHWVRJY|EV,DAILY_BUDGET,425,ENABLED,No Portfolio,-1,INR,176,3,1.7045%,28.05333,0,0.00,0.00000,0.00000,0,0.00,0,,,,
"Jul 06, 2026","=""193548631172297""",SD audience tgt on finger paints - 3 colours,DAILY_BUDGET,300,PAUSED,No Portfolio,-1,INR,1509,3,0.1988%,1.97667,0,0.00,0.00000,0.00000,0,0.00,0,0,0.00,0,
"Jul 05, 2026","=""454299066820157""",SPPT|MyFirstSwingingJungleCombo|EV,DAILY_BUDGET,400,ENABLED,Competitor PT EV,77621372464843,INR,23,0,0.0000%,,0,0.00,,0.00000,0,0.00,0,,,,
"Jul 05, 2026","=""275984104233374""",SD|PR|EV,DAILY_BUDGET,400,ENABLED,No Portfolio,-1,INR,11,0,0.0000%,,0,0.00,,0.00000,0,0.00,0,0,0.00,0,
"Jul 05, 2026","=""348337395626859""",SD_On Competitors_EV,DAILY_BUDGET,500,PAUSED,Finger Paints,159287746377553,INR,303,0,0.0000%,,0,0.00,,0.00000,0,0.00,0,0,0.00,0,
"Jul 04, 2026","=""347410518250505""",SBV|NewVideo|PlayDough|EV,DAILY_BUDGET,500,ENABLED,Play Dough,35432676096043,INR,624,8,1.2821%,11.40375,1,560.17,6.14020,897.70833,1,560.17,1,1,560.17,1,100.00
"Jul 05, 2026","=""346140415952893""",SPT| TopAsin |EV,DAILY_BUDGET,500,ENABLED,MIX,97346527170228,INR,252,7,2.7778%,14.50429,2,732.20,7.21166,2905.55556,2,732.20,2,,,,
"Jul 05, 2026","=""1891799998362""",SPM|Dabble|PlayDough|EV,DAILY_BUDGET,625,PAUSED,No Portfolio,-1,INR,9,0,0.0000%,,0,0.00,,0.00000,0,0.00,0,,,,
"Jul 04, 2026","=""13287456874249""",SBV on Crayons beeswax - pack of 8,DAILY_BUDGET,406,ENABLED,MIX,97346527170228,INR,30,1,3.3333%,11.77000,1,350.48,29.77740,11682.66667,1,350.48,1,1,350.48,1,100.00
"Jul 06, 2026","=""58249036949135""",SPT|FingerPaint|BRS-1|EV,DAILY_BUDGET,425,ENABLED,No Portfolio,-1,INR,3737,7,0.1873%,17.14286,4,1811.02,15.09183,484.61868,4,1811.02,4,,,,
"Jul 06, 2026","=""263574403012949""",SPM|Magic Paint Dust |Phrase|EV,DAILY_BUDGET,425,PAUSED,No Portfolio,-1,INR,455,5,1.0989%,7.33800,0,0.00,0.00000,0.00000,0,0.00,0,,,,
"Jul 04, 2026","=""199827147068449""",SPM|Phrase|BabyCrayon|EV,DAILY_BUDGET,425,PAUSED,No Portfolio,-1,INR,9,0,0.0000%,,0,0.00,,0.00000,0,0.00,0,,,,
"Jul 04, 2026","=""175284729942534""",SPT|Flip Flap|EV,DAILY_BUDGET,425,PAUSED,No Portfolio,-1,INR,10,0,0.0000%,,0,0.00,,0.00000,0,0.00,0,,,,
"Jul 06, 2026","=""401811448251433""",SPT|Dino|Stencil DIY |EV,DAILY_BUDGET,500,PAUSED,Stencil,136092957990149,INR,0,0,,,0,0.00,,,0,0.00,0,,,,
"Jul 05, 2026","=""36174721960859""",SPM | PHRASE | DINO STENCIL | EV,DAILY_BUDGET,400,ENABLED,No Portfolio,-1,INR,37,0,0.0000%,,0,0.00,,0.00000,0,0.00,0,,,,
"Jul 06, 2026","=""232590085672905""",SPT | COMP | COLOURING PAGE | EV,DAILY_BUDGET,400,ENABLED,No Portfolio,-1,INR,384,4,1.0417%,9.00250,0,0.00,0.00000,0.00000,0,0.00,0,,,,
"Jul 06, 2026","=""430603660145796""",SPT|Comp|Mix|EV,DAILY_BUDGET,700,PAUSED,Finger Paints,159287746377553,INR,519,2,0.3854%,11.58000,0,0.00,0.00000,0.00000,0,0.00,0,,,,
"Jul 06, 2026","=""322214371124558""",SP_PT_Fevicreate_EV,DAILY_BUDGET,500,PAUSED,Finger Paints,159287746377553,INR,0,0,,,0,0.00,,,0,0.00,0,,,,
"Jul 04, 2026","=""36174721960859""",SPM | PHRASE | DINO STENCIL | EV,DAILY_BUDGET,400,ENABLED,No Portfolio,-1,INR,9,0,0.0000%,,0,0.00,,0.00000,0,0.00,0,,,,
"Jul 06, 2026","=""188043233089821""",SPM | PHRASE | APRON | EV,DAILY_BUDGET,450,ENABLED,No Portfolio,-1,INR,0,0,,,0,0.00,,,0,0.00,0,,,,
"Jul 04, 2026","=""514020847273341""",SPM|Exact|PlayDough|1EV,DAILY_BUDGET,500,PAUSED,Play Dough,35432676096043,INR,140,2,1.4286%,14.89500,0,0.00,0.00000,0.00000,0,0.00,0,,,,
"Jul 05, 2026","=""385681463251727""",SPM|PT|Starter Painting Fun Pack|EV,DAILY_BUDGET,200,ENABLED,Finger Paints,159287746377553,INR,63,0,0.0000%,,0,0.00,,0.00000,0,0.00,0,,,,
"Jul 04, 2026","=""327546802363585""",SPM|PT|Beeswax Crayons|PT|EV,DAILY_BUDGET,400,PAUSED,Crayons EV,168785445729730,INR,36,0,0.0000%,,0,0.00,,0.00000,0,0.00,0,,,,
"Jul 04, 2026","=""257129658512024""",SPM | PHRASE | GLUE | EV,DAILY_BUDGET,400,ENABLED,No Portfolio,-1,INR,14,0,0.0000%,,0,0.00,,0.00000,0,0.00,0,,,,
"Jul 04, 2026","=""540883582083443""",SPM|Phrase|Crayonss|EV,DAILY_BUDGET,425,ENABLED,Crayons EV,168785445729730,INR,2,0,0.0000%,,0,0.00,,0.00000,0,0.00,0,,,,
"Jul 05, 2026","=""362368043855713""",SPA_Loose_Jupiter Sale,DAILY_BUDGET,350,ENABLED,MIX,97346527170228,INR,5834,34,0.5828%,5.96382,3,1931.54,9.52577,331.08331,3,1931.54,3,,,,
"Jul 05, 2026","=""92623729540566""",SPM | PHRASE | Gift combo pack | EV,DAILY_BUDGET,400,ENABLED,No Portfolio,-1,INR,22,0,0.0000%,,0,0.00,,0.00000,0,0.00,0,,,,
"Jul 04, 2026","=""434873441648837""",SPT|Non-Toxic Finger Paints Pack Of 3|Comp|EV,DAILY_BUDGET,400,PAUSED,Finger Paints,159287746377553,INR,1,0,0.0000%,,0,0.00,,0.00000,0,0.00,0,,,,
"Jul 06, 2026","=""36174721960859""",SPM | PHRASE | DINO STENCIL | EV,DAILY_BUDGET,400,ENABLED,No Portfolio,-1,INR,18,0,0.0000%,,0,0.00,,0.00000,0,0.00,0,,,,
"Jul 04, 2026","=""143418681856266""",SPM|FingerPaint|B0CTHWVRJY|Exact|EV,DAILY_BUDGET,500,ENABLED,No Portfolio,-1,INR,0,0,,,0,0.00,,,0,0.00,0,,,,
"Jul 04, 2026","=""284910278463143""",SPPT|Brush|Comp|EV,DAILY_BUDGET,500,ENABLED,Brush,193601647018990,INR,68,2,2.9412%,14.21000,2,732.20,25.76355,10767.64706,2,732.20,2,,,,
"Jul 06, 2026","=""342340840604120""",SPM | KT | Broad | Brand | All Asin | EV,DAILY_BUDGET,650,ENABLED,Branded KWs,244185727769582,INR,304,2,0.6579%,10.78000,0,0.00,0.00000,0.00000,0,0.00,0,,,,
"Jul 04, 2026","=""92623729540566""",SPM | PHRASE | Gift combo pack | EV,DAILY_BUDGET,400,ENABLED,No Portfolio,-1,INR,29,0,0.0000%,,0,0.00,,0.00000,0,0.00,0,,,,
"Jul 06, 2026","=""202985626991089""",SPT|Colouring Page||EV,DAILY_BUDGET,425,PAUSED,No Portfolio,-1,INR,390,6,1.5385%,11.69167,0,0.00,0.00000,0.00000,0,0.00,0,,,,
"Jul 06, 2026","=""191404326689136""",SPM|Hand and Foot Print Kit|Phrase|EV,DAILY_BUDGET,800,ENABLED,No Portfolio,-1,INR,156,2,1.2821%,5.74000,0,0.00,0.00000,0.00000,0,0.00,0,,,,
"Jul 06, 2026","=""43772916710120""",SPM | PHRASE | Unicorn Stencil | EV,DAILY_BUDGET,350,ENABLED,No Portfolio,-1,INR,21,0,0.0000%,,0,0.00,,0.00000,0,0.00,0,,,,
"Jul 05, 2026","=""257572073641830""",SPM|Broad|Brush Set|EV,DAILY_BUDGET,500,ENABLED,No Portfolio,-1,INR,1140,18,1.5789%,12.87111,6,2614.39,11.28449,2293.32456,6,2614.39,6,,,,
"Jul 06, 2026","=""253109416973395""",SPT|FingerPaint|New|EV,DAILY_BUDGET,800,PAUSED,No Portfolio,-1,INR,72,1,1.3889%,10.70000,0,0.00,0.00000,0.00000,0,0.00,0,,,,
"Jul 06, 2026","=""109068887651517""",SPA|Low Sessions | Low Conversion|4|EV,DAILY_BUDGET,425,ENABLED,Medium Sales,50595836317071,INR,4008,29,0.7236%,4.67276,2,834.29,6.15667,208.15619,2,834.29,2,,,,
"Jul 05, 2026","=""199827147068449""",SPM|Phrase|BabyCrayon|EV,DAILY_BUDGET,425,PAUSED,No Portfolio,-1,INR,4,0,0.0000%,,0,0.00,,0.00000,0,0.00,0,,,,
"Jul 06, 2026","=""444516563288243""",SPT|PlayDough|Lattoland&PepPlay|EV,DAILY_BUDGET,500,PAUSED,Play Dough,35432676096043,INR,445,7,1.5730%,9.09714,0,0.00,0.00000,0.00000,0,0.00,0,,,,
"Jul 06, 2026","=""451444588145435""",SB|Stencil|Ev,DAILY_BUDGET,200,PAUSED,Stencil,136092957990149,INR,278,1,0.3597%,18.13000,0,0.00,0.00000,0.00000,0,0.00,0,0,0.00,0,
"Jul 05, 2026","=""111841553039297""",SPM | PHRASE | BRUSH | EV,DAILY_BUDGET,450,PAUSED,No Portfolio,-1,INR,1087,1,0.0920%,10.80000,0,0.00,0.00000,0.00000,0,0.00,0,,,,
"Jul 04, 2026","=""151128051182679""",SPM|Finger paint and brush|Phrase|EV,DAILY_BUDGET,425,ENABLED,No Portfolio,-1,INR,1504,7,0.4654%,16.00000,1,759.32,6.77964,504.86702,1,759.32,1,,,,
"Jul 04, 2026","=""312963056484974""",SPCT | Refine | Finger Paint | EV,DAILY_BUDGET,1500,PAUSED,Finger Paints,159287746377553,INR,179,0,0.0000%,,0,0.00,,0.00000,0,0.00,0,,,,
"Jul 05, 2026","=""320096851298962""",SPM | Phrase | Painting Art Canvas | EV,DAILY_BUDGET,300,PAUSED,Finger Paints,159287746377553,INR,2,0,0.0000%,,0,0.00,,0.00000,0,0.00,0,,,,
"Jul 04, 2026","=""107307762064699""",sbv | pt comp | sensory play dough | ev,DAILY_BUDGET,300,PAUSED,No Portfolio,-1,INR,31,2,6.4516%,5.12000,0,0.00,0.00000,0.00000,0,0.00,0,0,0.00,0,
"Jul 06, 2026","=""11947950277185""",SPT|Brush Set||EV,DAILY_BUDGET,500,ENABLED,No Portfolio,-1,INR,515,2,0.3883%,17.08000,0,0.00,0.00000,0.00000,0,0.00,0,,,,
"Jul 06, 2026","=""497848209454975""",SPA_All In One_EV,DAILY_BUDGET,150,PAUSED,MIX,97346527170228,INR,105,1,0.9524%,7.47000,0,0.00,0.00000,0.00000,0,0.00,0,,,,
"Jul 06, 2026","=""56452777781572""",SPT|B096WD8RC2|Market Basket Analysis|EV,DAILY_BUDGET,425,ENABLED,No Portfolio,-1,INR,2,0,0.0000%,,0,0.00,,0.00000,0,0.00,0,,,,
"Jul 05, 2026","=""14266908817652""",SPM|Phrase|PlayDOughAll|EV,DAILY_BUDGET,425,PAUSED,No Portfolio,-1,INR,2236,6,0.2683%,14.99167,0,0.00,0.00000,0.00000,0,0.00,0,,,,
"Jul 06, 2026","=""541682884716773""",SPM | Phrase | Finger Paint | Non Toxic KW | EV,DAILY_BUDGET,300,PAUSED,Finger Paints,159287746377553,INR,64,0,0.0000%,,0,0.00,,0.00000,0,0.00,0,,,,
"Jul 06, 2026","=""457849298361429""",SPT|FingerPaints|Comp|EV,DAILY_BUDGET,1800,ENABLED,Finger Paints,159287746377553,INR,63,0,0.0000%,,0,0.00,,0.00000,0,0.00,0,,,,
"Jul 05, 2026","=""82378655260785""",SPM|Apron|EV,DAILY_BUDGET,425,ENABLED,No Portfolio,-1,INR,127,1,0.7874%,7.88000,0,0.00,0.00000,0.00000,0,0.00,0,,,,
"Jul 06, 2026","=""190630060887939""",SPM|PlayDough|Exact\EV,DAILY_BUDGET,2000,ENABLED,No Portfolio,-1,INR,196,22,11.2245%,31.71409,7,3523.72,5.05041,17978.16327,6,3523.72,7,,,,
"Jul 05, 2026","=""264272327799221""",SPT SELF | EXACT | FINGER PAINT | EV,DAILY_BUDGET,200,ENABLED,No Portfolio,-1,INR,3,0,0.0000%,,0,0.00,,0.00000,0,0.00,0,,,,
"Jul 05, 2026","=""376052058590065""",SPT| Starter Painting Fun Pack|EV,DAILY_BUDGET,925,PAUSED,Finger Paints,159287746377553,INR,69,4,5.7971%,15.14250,0,0.00,0.00000,0.00000,0,0.00,0,,,,
"Jul 04, 2026","=""119634449447071""",SD|Low Sessions | Low Conversion|EV,DAILY_BUDGET,200,PAUSED,No Portfolio,-1,INR,146,0,0.0000%,,0,0.00,,0.00000,0,0.00,0,0,0.00,0,
"Jul 04, 2026","=""190630060887939""",SPM|PlayDough|Exact\EV,DAILY_BUDGET,2000,ENABLED,No Portfolio,-1,INR,174,16,9.1954%,28.30000,5,2844.92,6.28295,16350.11494,5,2844.92,5,,,,
"Jul 05, 2026","=""321162675604576""",SP|PT|Comp|Map|EV,DAILY_BUDGET,425,PAUSED,MAP,248982874073991,INR,57,0,0.0000%,,0,0.00,,0.00000,0,0.00,0,,,,
"Jul 06, 2026","=""456114220616727""",SPT|Doms Finger Paints|EV,DAILY_BUDGET,1700,PAUSED,Finger Paints,159287746377553,INR,3,0,0.0000%,,0,0.00,,0.00000,0,0.00,0,,,,
"Jul 04, 2026","=""1891799998362""",SPM|Dabble|PlayDough|EV,DAILY_BUDGET,625,PAUSED,No Portfolio,-1,INR,56,0,0.0000%,,0,0.00,,0.00000,0,0.00,0,,,,
"Jul 06, 2026","=""266792110500631""",SPT|Self|EV,DAILY_BUDGET,1000,ENABLED,MIX,97346527170228,INR,1658,33,1.9903%,8.91576,0,0.00,0.00000,0.00000,0,0.00,0,,,,
"Jul 05, 2026","=""223886565922288""",SPM|Phrase|Bubbles||EV,DAILY_BUDGET,500,ENABLED,No Portfolio,-1,INR,2119,6,0.2832%,5.76833,0,0.00,0.00000,0.00000,0,0.00,0,,,,
"Jul 04, 2026","=""172460400563162""",SPT|B0CV1653HN||Market Basket Analysis|EV,DAILY_BUDGET,300,ENABLED,No Portfolio,-1,INR,3,0,0.0000%,,0,0.00,,0.00000,0,0.00,0,,,,
"Jul 06, 2026","=""18450504468378""",SPM|FingerPaint|ExactNewKW-2|EV,DAILY_BUDGET,425,ENABLED,No Portfolio,-1,INR,63,5,7.9365%,20.14600,1,420.34,4.17294,6672.06349,1,420.34,1,,,,
"Jul 04, 2026","=""486880556606586""",SPA_Non Toxic Glue,DAILY_BUDGET,200,ENABLED,Non Toxic Glue,225101040863691,INR,271,0,0.0000%,,0,0.00,,0.00000,0,0.00,0,,,,
"Jul 05, 2026","=""417778091214825""",SPM Crayon kw/phrase evits,DAILY_BUDGET,1500,PAUSED,Crayons EV,168785445729730,INR,1586,0,0.0000%,,0,0.00,,0.00000,0,0.00,0,,,,
"Jul 06, 2026","=""195915006483249""",SB|StoreFront|EV,DAILY_BUDGET,1000,ENABLED,No Portfolio,-1,INR,1529,15,0.9810%,14.83000,0,0.00,0.00000,0.00000,0,0.00,0,0,0.00,0,
"Jul 04, 2026","=""6300601943430""",SPT|Brush Set|EV,DAILY_BUDGET,400,PAUSED,No Portfolio,-1,INR,115,0,0.0000%,,0,0.00,,0.00000,0,0.00,0,,,,
"Jul 04, 2026","=""132208059278681""",SPT|B09WMGR9M8|Market Basket Analysis|EV,DAILY_BUDGET,425,ENABLED,No Portfolio,-1,INR,189,4,2.1164%,10.52750,0,0.00,0.00000,0.00000,0,0.00,0,,,,
"Jul 06, 2026","=""246957273103533""",SPM|Phrase|All in one paint kit|EV,DAILY_BUDGET,975,ENABLED,No Portfolio,-1,INR,11,0,0.0000%,,0,0.00,,0.00000,0,0.00,0,,,,
"Jul 04, 2026","=""223886565922288""",SPM|Phrase|Bubbles||EV,DAILY_BUDGET,500,ENABLED,No Portfolio,-1,INR,2102,3,0.1427%,6.17333,0,0.00,0.00000,0.00000,0,0.00,0,,,,
"Jul 05, 2026","=""93589837215410""",SPM|HighIS|Phrase|FingerPaint|EV,DAILY_BUDGET,425,ENABLED,No Portfolio,-1,INR,5,0,0.0000%,,0,0.00,,0.00000,0,0.00,0,,,,
"Jul 04, 2026","=""514027701504449""",SPA | Bubble Magic | EV,DAILY_BUDGET,300,ENABLED,Bubbles EV,107518603985453,INR,767,3,0.3911%,10.72000,1,408.58,12.70460,532.69883,1,408.58,1,,,,
"Jul 05, 2026","=""291837356167536""",ST CT | Flip Flap | EV,DAILY_BUDGET,525,PAUSED,Flip Flap,2748744653088,INR,305,3,0.9836%,4.08000,0,0.00,0.00000,0.00000,0,0.00,0,,,,
"Jul 06, 2026","=""119634449447071""",SD|Low Sessions | Low Conversion|EV,DAILY_BUDGET,200,PAUSED,No Portfolio,-1,INR,89,0,0.0000%,,0,0.00,,0.00000,0,0.00,0,0,0.00,0,
"Jul 05, 2026","=""216457104421508""",SPM|Exact|AllASIN|Branded|KW,DAILY_BUDGET,2000,ENABLED,No Portfolio,-1,INR,946,2,0.2114%,7.30500,0,0.00,0.00000,0.00000,0,0.00,0,,,,
"Jul 05, 2026","=""15677912205971""",SPM|Phrase|Colouring Page|EV,DAILY_BUDGET,425,ENABLED,No Portfolio,-1,INR,11,0,0.0000%,,0,0.00,,0.00000,0,0.00,0,,,,
"Jul 04, 2026","=""40728313544829""",sd | purchase remarketing | ev,DAILY_BUDGET,1000,ENABLED,No Portfolio,-1,INR,6,0,0.0000%,,0,0.00,,0.00000,0,0.00,0,0,0.00,0,
"Jul 04, 2026","=""417778091214825""",SPM Crayon kw/phrase evits,DAILY_BUDGET,1500,PAUSED,Crayons EV,168785445729730,INR,1664,1,0.0601%,3.87000,0,0.00,0.00000,0.00000,0,0.00,0,,,,
"Jul 05, 2026","=""116531586885885""",SPT||B0CV17BBLG|Market Basket Analysis|EV,DAILY_BUDGET,400,ENABLED,No Portfolio,-1,INR,13,0,0.0000%,,0,0.00,,0.00000,0,0.00,0,,,,
"Jul 04, 2026","=""302790106560286""",SBV|Starter Painting Fun Pack|EV,DAILY_BUDGET,1400,ENABLED,Finger Paints,159287746377553,INR,1432,17,1.1872%,6.14118,1,420.34,4.02625,293.53352,1,420.34,1,1,420.34,1,100.00
"Jul 05, 2026","=""466236606443209""",SD|PT|FingerPaints|EV,DAILY_BUDGET,500,ENABLED,Finger Paints,159287746377553,INR,1367,3,0.2195%,22.25651,1,759.32,11.37225,555.46452,0,0.00,0,0,0.00,0,0.00
"Jul 05, 2026","=""82853388149346""",Spt comp | PepPlay Store | playdough | ev,DAILY_BUDGET,1000,ENABLED,No Portfolio,-1,INR,5661,53,0.9362%,9.42830,1,431.36,0.86324,76.19855,1,431.36,1,,,,
"Jul 05, 2026","=""242931074268465""",SPM|My ABC Trace & Colour Kit |Phrase|EV,DAILY_BUDGET,200,ENABLED,No Portfolio,-1,INR,151,1,0.6623%,24.59000,0,0.00,0.00000,0.00000,0,0.00,0,,,,
"Jul 04, 2026","=""203247723034269""",SPM|FingerPaint|NewKW-1|EV,DAILY_BUDGET,500,ENABLED,No Portfolio,-1,INR,2402,11,0.4580%,18.96091,0,0.00,0.00000,0.00000,0,0.00,0,,,,
"Jul 05, 2026","=""181618713453795""",SPM|Exact-2|FingerPaint|EV,DAILY_BUDGET,425,ENABLED,No Portfolio,-1,INR,1,0,0.0000%,,0,0.00,,0.00000,0,0.00,0,,,,
"Jul 06, 2026","=""527177961058816""",SPM finger Paints KW/Broad Evits,DAILY_BUDGET,2000,ENABLED,Finger Paints,159287746377553,INR,13091,66,0.5042%,22.86303,6,2949.16,1.95443,225.28149,6,2949.16,6,,,,
"Jul 06, 2026","=""486880556606586""",SPA_Non Toxic Glue,DAILY_BUDGET,200,ENABLED,Non Toxic Glue,225101040863691,INR,330,0,0.0000%,,0,0.00,,0.00000,0,0.00,0,,,,
"Jul 04, 2026","=""242931074268465""",SPM|My ABC Trace & Colour Kit |Phrase|EV,DAILY_BUDGET,200,ENABLED,No Portfolio,-1,INR,810,5,0.6173%,16.53400,0,0.00,0.00000,0.00000,0,0.00,0,,,,
"Jul 06, 2026","=""145416888791707""",SPM|PlayDough|CVR|Phrase|EV,DAILY_BUDGET,425,ENABLED,No Portfolio,-1,INR,30,1,3.3333%,7.95000,0,0.00,0.00000,0.00000,0,0.00,0,,,,
"Jul 06, 2026","=""346140415952893""",SPT| TopAsin |EV,DAILY_BUDGET,500,ENABLED,MIX,97346527170228,INR,491,3,0.6110%,12.90667,0,0.00,0.00000,0.00000,0,0.00,0,,,,
"Jul 04, 2026","=""24070394726923""",SPM | phrase | Playdough | ev,DAILY_BUDGET,425,ENABLED,No Portfolio,-1,INR,145,0,0.0000%,,0,0.00,,0.00000,0,0.00,0,,,,
"Jul 06, 2026","=""398929024024547""",SPM|Finger Paints|TOS|EV,DAILY_BUDGET,600,ENABLED,Finger Paints,159287746377553,INR,196,0,0.0000%,,0,0.00,,0.00000,0,0.00,0,,,,
"Jul 04, 2026","=""104835423946722""",SBV | DESSERT PAINT | EV,DAILY_BUDGET,500,PAUSED,No Portfolio,-1,INR,9174,48,0.5232%,7.15208,1,422.88,1.23181,46.09549,1,422.88,1,1,422.88,1,100.00
"Jul 06, 2026","=""223886565922288""",SPM|Phrase|Bubbles||EV,DAILY_BUDGET,500,ENABLED,No Portfolio,-1,INR,1502,6,0.3995%,6.56167,0,0.00,0.00000,0.00000,0,0.00,0,,,,
"Jul 05, 2026","=""253109416973395""",SPT|FingerPaint|New|EV,DAILY_BUDGET,800,PAUSED,No Portfolio,-1,INR,47,0,0.0000%,,0,0.00,,0.00000,0,0.00,0,,,,
"Jul 05, 2026","=""151643061741714""",SD|Low Sessions | High Conversion|EV,DAILY_BUDGET,300,PAUSED,No Portfolio,-1,INR,0,0,,,0,0.00,,,0,0.00,0,0,0.00,0,
"Jul 06, 2026","=""207315628827658""",SD|PT|TopASIN|EV,DAILY_BUDGET,1000,PAUSED,No Portfolio,-1,INR,0,0,,,0,0.00,,,0,0.00,0,0,0.00,0,
"Jul 06, 2026","=""281300911958416""",SPM|Exact|FingerPaint|New|EV,DAILY_BUDGET,425,ENABLED,No Portfolio,-1,INR,9,0,0.0000%,,0,0.00,,0.00000,0,0.00,0,,,,
"Jul 04, 2026","=""123352051178567""",SPM|HighImpression|FingerPaint|EV,DAILY_BUDGET,425,PAUSED,No Portfolio,-1,INR,1,0,0.0000%,,0,0.00,,0.00000,0,0.00,0,,,,
"Jul 06, 2026","=""31773483456440""",SPM|Phrase|MixASIN|2|EV,DAILY_BUDGET,850,ENABLED,No Portfolio,-1,INR,372,9,2.4194%,9.62222,1,409.52,4.72887,1100.86022,1,409.52,1,,,,
"Jul 04, 2026","=""376909993254211""",SPM|Exact|Crayon|Search Performance|EV,DAILY_BUDGET,200,PAUSED,Crayons EV,168785445729730,INR,188,0,0.0000%,,0,0.00,,0.00000,0,0.00,0,,,,
"Jul 05, 2026","=""151128051182679""",SPM|Finger paint and brush|Phrase|EV,DAILY_BUDGET,425,ENABLED,No Portfolio,-1,INR,383,2,0.5222%,13.63000,0,0.00,0.00000,0.00000,0,0.00,0,,,,
"Jul 04, 2026","=""362368043855713""",SPA_Loose_Jupiter Sale,DAILY_BUDGET,350,ENABLED,MIX,97346527170228,INR,8296,46,0.5545%,5.27478,2,1076.18,4.43530,129.72276,2,1076.18,2,,,,
"Jul 05, 2026","=""294032070490990""",SPM_Non_toxic paints,DAILY_BUDGET,400,PAUSED,Finger Paints,159287746377553,INR,27,2,7.4074%,6.89500,0,0.00,0.00000,0.00000,0,0.00,0,,,,
"Jul 06, 2026","=""454299066820157""",SPPT|MyFirstSwingingJungleCombo|EV,DAILY_BUDGET,400,ENABLED,Competitor PT EV,77621372464843,INR,21,1,4.7619%,7.12000,3,1742.35,244.71208,82969.04762,3,1742.35,3,,,,
"Jul 05, 2026","=""130231059183471""",SPM | PHRASE | COLOURING PAGE | EV,DAILY_BUDGET,400,ENABLED,No Portfolio,-1,INR,1116,7,0.6272%,8.47143,6,2409.40,40.63069,2158.96057,6,2409.40,6,,,,
"Jul 05, 2026","=""347410518250505""",SBV|NewVideo|PlayDough|EV,DAILY_BUDGET,500,ENABLED,Play Dough,35432676096043,INR,544,4,0.7353%,14.61750,0,0.00,0.00000,0.00000,0,0.00,0,0,0.00,0,
"Jul 06, 2026","=""138409774871727""",spt comp | exact | luxor crayons | ev,DAILY_BUDGET,200,ENABLED,No Portfolio,-1,INR,19,1,5.2632%,1.34000,0,0.00,0.00000,0.00000,0,0.00,0,,,,
"Jul 06, 2026","=""11637833927236""",SPM|Exact|MagicPaintDust|EV,DAILY_BUDGET,2000,PAUSED,No Portfolio,-1,INR,90,0,0.0000%,,0,0.00,,0.00000,0,0.00,0,,,,
"Jul 05, 2026","=""106502393393870""",SPM \ phrase | top asins | ev,DAILY_BUDGET,425,PAUSED,No Portfolio,-1,INR,81,1,1.2346%,6.83000,0,0.00,0.00000,0.00000,0,0.00,0,,,,
"Jul 04, 2026","=""216457104421508""",SPM|Exact|AllASIN|Branded|KW,DAILY_BUDGET,2000,ENABLED,No Portfolio,-1,INR,5586,10,0.1790%,11.68100,1,550.00,4.70850,98.46044,1,550.00,1,,,,
"Jul 04, 2026","=""349833362276307""",SPM_Branded_Exact_EV,DAILY_BUDGET,2000,ENABLED,Branded KWs,244185727769582,INR,6665,63,0.9452%,11.46698,6,2908.12,4.02553,436.32708,6,2908.12,6,,,,
"Jul 06, 2026","=""168704135322778""",SD VCPM finger paints Loop,DAILY_BUDGET,500,PAUSED,Finger Paints,159287746377553,INR,4375,6,0.1371%,36.98887,1,420.34,1.89399,96.07771,1,420.34,1,0,0.00,0,0.00
"Jul 04, 2026","=""451444588145435""",SB|Stencil|Ev,DAILY_BUDGET,200,PAUSED,Stencil,136092957990149,INR,53,0,0.0000%,,0,0.00,,0.00000,0,0.00,0,0,0.00,0,
"Jul 05, 2026","=""470470482165433""",SPM | Branded KW | New Launch | EV,DAILY_BUDGET,1600,ENABLED,Branded KWs,244185727769582,INR,567,5,0.8818%,13.35400,1,420.34,6.29534,741.34039,1,420.34,1,,,,
"Jul 06, 2026","=""157241051545486""",SPM|Phrase|Glue|EV,DAILY_BUDGET,425,PAUSED,No Portfolio,-1,INR,15,0,0.0000%,,0,0.00,,0.00000,0,0.00,0,,,,
"Jul 04, 2026","=""86884225172261""",SPM|MaxCoverage|Finger paint|EV,DAILY_BUDGET,425,ENABLED,No Portfolio,-1,INR,492,2,0.4065%,3.15000,0,0.00,0.00000,0.00000,0,0.00,0,,,,
"Jul 06, 2026","=""277990454199457""",SPM|Playdough|Phrase|EV,DAILY_BUDGET,1000,PAUSED,No Portfolio,-1,INR,3187,16,0.5020%,21.89375,0,0.00,0.00000,0.00000,0,0.00,0,,,,
"Jul 06, 2026","=""291837356167536""",ST CT | Flip Flap | EV,DAILY_BUDGET,525,PAUSED,Flip Flap,2748744653088,INR,337,3,0.8902%,4.13667,0,0.00,0.00000,0.00000,0,0.00,0,,,,
"Jul 04, 2026","=""11637833927236""",SPM|Exact|MagicPaintDust|EV,DAILY_BUDGET,2000,PAUSED,No Portfolio,-1,INR,905,8,0.8840%,18.46625,0,0.00,0.00000,0.00000,0,0.00,0,,,,
"Jul 06, 2026","=""278209549281730""",SBV|B0FMFR1ZVN|NewPlayDough|EV,DAILY_BUDGET,500,PAUSED,No Portfolio,-1,INR,401,4,0.9975%,13.40000,0,0.00,0.00000,0.00000,0,0.00,0,0,0.00,0,
"Jul 06, 2026","=""473350929501931""",SPT|Self|Crayon|EV,DAILY_BUDGET,1400,ENABLED,Crayons EV,168785445729730,INR,401,7,1.7456%,13.55429,2,770.82,8.12416,1922.24439,2,770.82,2,,,,
"Jul 06, 2026","=""476068278695542""",SPT|COMP|Starter Painting Fun Pack|EV,DAILY_BUDGET,2500,ENABLED,Finger Paints,159287746377553,INR,226,1,0.4425%,14.85000,0,0.00,0.00000,0.00000,0,0.00,0,,,,
"Jul 05, 2026","=""386094103151385""",SPPT Low selling Asins on Top selling Asins evits,DAILY_BUDGET,750,ENABLED,MIX,97346527170228,INR,58,0,0.0000%,,0,0.00,,0.00000,0,0.00,0,,,,
"Jul 05, 2026","=""465213237078364""",SP_PT_Paintbrushes_Alternate Purchase,DAILY_BUDGET,300,PAUSED,Brush,193601647018990,INR,58,1,1.7241%,4.74000,0,0.00,0.00000,0.00000,0,0.00,0,,,,
"Jul 05, 2026","=""7902791986626""",SBV | PT COMP | PLAYDOUGH KIT | EV,DAILY_BUDGET,300,ENABLED,No Portfolio,-1,INR,587,1,0.1704%,10.58000,0,0.00,0.00000,0.00000,0,0.00,0,0,0.00,0,
"Jul 04, 2026","=""106502393393870""",SPM \ phrase | top asins | ev,DAILY_BUDGET,425,PAUSED,No Portfolio,-1,INR,119,0,0.0000%,,0,0.00,,0.00000,0,0.00,0,,,,
"Jul 06, 2026","=""274665725007226""",SD|Crayon|EV,DAILY_BUDGET,500,ENABLED,No Portfolio,-1,INR,589,0,0.0000%,,0,0.00,,0.00000,0,0.00,0,0,0.00,0,
"Jul 05, 2026","=""160598947008435""",SPT|Bubble|EV,DAILY_BUDGET,425,ENABLED,No Portfolio,-1,INR,2321,14,0.6032%,12.84143,1,384.76,2.14017,165.77337,1,384.76,1,,,,
"Jul 05, 2026","=""346831860454384""",SPA|Loose|fEV,DAILY_BUDGET,500,PAUSED,MIX,97346527170228,INR,7662,12,0.1566%,4.21667,0,0.00,0.00000,0.00000,0,0.00,0,,,,
"Jul 06, 2026","=""58231345972563""",SPA | SUBSTITUTE | CRAYONS | EV,DAILY_BUDGET,300,PAUSED,No Portfolio,-1,INR,0,0,,,0,0.00,,,0,0.00,0,,,,
"Jul 04, 2026","=""195661823815868""",SPT | COMP | FLIP FLAP | EV,DAILY_BUDGET,400,PAUSED,No Portfolio,-1,INR,70,0,0.0000%,,0,0.00,,0.00000,0,0.00,0,,,,
"Jul 05, 2026","=""480922830906173""",SPT|New Launch on Top|EV,DAILY_BUDGET,500,ENABLED,MIX,97346527170228,INR,62,0,0.0000%,,0,0.00,,0.00000,0,0.00,0,,,,
"Jul 04, 2026","=""236994616752429""",SPM|Phrase|KW|Crayon|EV,DAILY_BUDGET,425,ENABLED,Crayons EV,168785445729730,INR,425,4,0.9412%,12.33000,0,0.00,0.00000,0.00000,0,0.00,0,,,,
"Jul 04, 2026","=""87156513273619""",SPT|All in one paint kit||EV,DAILY_BUDGET,975,PAUSED,No Portfolio,-1,INR,96,1,1.0417%,16.74000,0,0.00,0.00000,0.00000,0,0.00,0,,,,
"Jul 05, 2026","=""531233961055732""",SPCT | Paint Brush | EV,DAILY_BUDGET,200,PAUSED,Brush,193601647018990,INR,79,0,0.0000%,,0,0.00,,0.00000,0,0.00,0,,,,
"Jul 06, 2026","=""20789723317726""",SPM|Phrase| Magic Bubbles |EV,DAILY_BUDGET,425,PAUSED,No Portfolio,-1,INR,444,0,0.0000%,,0,0.00,,0.00000,0,0.00,0,,,,
"Jul 06, 2026","=""203247723034269""",SPM|FingerPaint|NewKW-1|EV,DAILY_BUDGET,500,ENABLED,No Portfolio,-1,INR,6081,24,0.3947%,19.48792,9,4455.71,9.52665,732.72653,9,4455.71,9,,,,
"Jul 04, 2026","=""194327606444428""",SPT|All in one paint kit|EV,DAILY_BUDGET,800,ENABLED,No Portfolio,-1,INR,1318,22,1.6692%,8.32818,2,829.86,4.52931,629.63581,2,829.86,2,,,,
"Jul 05, 2026","=""191404326689136""",SPM|Hand and Foot Print Kit|Phrase|EV,DAILY_BUDGET,800,ENABLED,No Portfolio,-1,INR,107,2,1.8692%,5.69000,0,0.00,0.00000,0.00000,0,0.00,0,,,,
"Jul 06, 2026","=""71699999463624""",SPT|B0CTHWVRJY|Market Basket Analysis|EV,DAILY_BUDGET,750,ENABLED,No Portfolio,-1,INR,378,5,1.3228%,16.49200,0,0.00,0.00000,0.00000,0,0.00,0,,,,
"Jul 06, 2026","=""327546802363585""",SPM|PT|Beeswax Crayons|PT|EV,DAILY_BUDGET,400,PAUSED,Crayons EV,168785445729730,INR,193,0,0.0000%,,0,0.00,,0.00000,0,0.00,0,,,,
"Jul 06, 2026","=""531233961055732""",SPCT | Paint Brush | EV,DAILY_BUDGET,200,PAUSED,Brush,193601647018990,INR,106,0,0.0000%,,0,0.00,,0.00000,0,0.00,0,,,,
"Jul 04, 2026","=""240964410978689""",SBV | COMP PT | SENSORY PLAYDOUGH | EV,DAILY_BUDGET,300,ENABLED,No Portfolio,-1,INR,3573,17,0.4758%,15.20765,0,0.00,0.00000,0.00000,0,0.00,0,0,0.00,0,
"Jul 05, 2026","=""48634121504600""",SPT|B09F3DTZDF|Market Basket Analysis|EV,DAILY_BUDGET,425,ENABLED,No Portfolio,-1,INR,0,0,,,0,0.00,,,0,0.00,0,,,,
"Jul 05, 2026","=""274665725007226""",SD|Crayon|EV,DAILY_BUDGET,500,ENABLED,No Portfolio,-1,INR,679,0,0.0000%,,0,0.00,,0.00000,0,0.00,0,0,0.00,0,
"Jul 04, 2026","=""191665720634014""",SPM | PHRASE | prime day | finger paint | EV,DAILY_BUDGET,2000,PAUSED,No Portfolio,-1,INR,39612,89,0.2247%,22.48146,4,1907.82,0.95351,48.16268,4,1907.82,4,,,,
"Jul 05, 2026","=""302299248446612""",SPT - Paint Dust+ABC Trace | EV,DAILY_BUDGET,800,ENABLED,MIX,97346527170228,INR,175,7,4.0000%,7.76857,2,560.96,10.31556,3205.48571,2,560.96,2,,,,
"Jul 06, 2026","=""344257502916404""",SPM|PlayDough|Organic Rank-2|EV,DAILY_BUDGET,500,PAUSED,Play Dough,35432676096043,INR,62,0,0.0000%,,0,0.00,,0.00000,0,0.00,0,,,,
"Jul 04, 2026","=""520168155591740""",SPM|Branded|Exact|PlayDough|EV,DAILY_BUDGET,500,ENABLED,Play Dough,35432676096043,INR,669,4,0.5979%,15.79750,0,0.00,0.00000,0.00000,0,0.00,0,,,,
"Jul 06, 2026","=""176984985432208""",SPM|Phrase|HighIS|Fingerpaint|EV,DAILY_BUDGET,425,ENABLED,No Portfolio,-1,INR,8,0,0.0000%,,0,0.00,,0.00000,0,0.00,0,,,,
"Jul 05, 2026","=""424566667830225""",SPM|Broad|Crayons|EV,DAILY_BUDGET,400,ENABLED,Crayons EV,168785445729730,INR,1,0,0.0000%,,0,0.00,,0.00000,0,0.00,0,,,,
"Jul 05, 2026","=""121128522600745""",SPT|Crayon|EV,DAILY_BUDGET,1000,PAUSED,No Portfolio,-1,INR,3498,18,0.5146%,9.81611,1,350.48,1.98359,100.19440,1,350.48,1,,,,
"Jul 06, 2026","=""202163593914826""",SPT COMP | EXACT | Imagimake1 | EV,DAILY_BUDGET,200,ENABLED,No Portfolio,-1,INR,75,2,2.6667%,6.46000,0,0.00,0.00000,0.00000,0,0.00,0,,,,
"Jul 05, 2026","=""43772916710120""",SPM | PHRASE | Unicorn Stencil | EV,DAILY_BUDGET,350,ENABLED,No Portfolio,-1,INR,13,0,0.0000%,,0,0.00,,0.00000,0,0.00,0,,,,
"Jul 04, 2026","=""152650728261797""",SPT|Sensory Rice Kit |EV,DAILY_BUDGET,425,ENABLED,No Portfolio,-1,INR,455,8,1.7582%,8.78500,2,1509.32,21.47581,3317.18681,2,1509.32,2,,,,
"Jul 04, 2026","=""71699999463624""",SPT|B0CTHWVRJY|Market Basket Analysis|EV,DAILY_BUDGET,750,ENABLED,No Portfolio,-1,INR,456,3,0.6579%,18.62333,0,0.00,0.00000,0.00000,0,0.00,0,,,,
"Jul 06, 2026","=""6300601943430""",SPT|Brush Set|EV,DAILY_BUDGET,400,PAUSED,No Portfolio,-1,INR,127,0,0.0000%,,0,0.00,,0.00000,0,0.00,0,,,,
"Jul 06, 2026","=""478799210489673""",SPA_Combos_brush_evits,DAILY_BUDGET,200,PAUSED,Brush,193601647018990,INR,3946,11,0.2788%,4.04727,0,0.00,0.00000,0.00000,0,0.00,0,,,,
"Jul 04, 2026","=""159756310600623""",SPT|Colouring Page|EV,DAILY_BUDGET,600,ENABLED,No Portfolio,-1,INR,153,2,1.3072%,13.45000,0,0.00,0.00000,0.00000,0,0.00,0,,,,
"Jul 05, 2026","=""246957273103533""",SPM|Phrase|All in one paint kit|EV,DAILY_BUDGET,975,ENABLED,No Portfolio,-1,INR,34,0,0.0000%,,0,0.00,,0.00000,0,0.00,0,,,,
"Jul 04, 2026","=""532504289153383""",SB|PT|EV,DAILY_BUDGET,1600,ENABLED,Finger Paints,159287746377553,INR,5142,26,0.5056%,6.36885,4,1600.68,9.66653,311.29522,4,1600.68,4,3,1180.34,3,73.74
"Jul 06, 2026","=""172460400563162""",SPT|B0CV1653HN||Market Basket Analysis|EV,DAILY_BUDGET,300,ENABLED,No Portfolio,-1,INR,7,0,0.0000%,,0,0.00,,0.00000,0,0.00,0,,,,
"Jul 06, 2026","=""194327606444428""",SPT|All in one paint kit|EV,DAILY_BUDGET,800,ENABLED,No Portfolio,-1,INR,448,5,1.1161%,7.82800,0,0.00,0.00000,0.00000,0,0.00,0,,,,
"Jul 05, 2026","=""188043233089821""",SPM | PHRASE | APRON | EV,DAILY_BUDGET,450,ENABLED,No Portfolio,-1,INR,41,0,0.0000%,,0,0.00,,0.00000,0,0.00,0,,,,
"Jul 05, 2026","=""87156513273619""",SPT|All in one paint kit||EV,DAILY_BUDGET,975,PAUSED,No Portfolio,-1,INR,82,0,0.0000%,,0,0.00,,0.00000,0,0.00,0,,,,
"Jul 06, 2026","=""231753058693712""",SPT|Finger Paints|Comp|EV,DAILY_BUDGET,900,ENABLED,Finger Paints,159287746377553,INR,1126,11,0.9769%,15.17182,0,0.00,0.00000,0.00000,0,0.00,0,,,,
"Jul 04, 2026","=""264272327799221""",SPT SELF | EXACT | FINGER PAINT | EV,DAILY_BUDGET,200,ENABLED,No Portfolio,-1,INR,4,0,0.0000%,,0,0.00,,0.00000,0,0.00,0,,,,
"Jul 05, 2026","=""35955913989064""",SPM|Phrase | prime day |MixASIN-1|EV,DAILY_BUDGET,2000,ENABLED,No Portfolio,-1,INR,44550,124,0.2783%,19.32508,8,3694.29,1.54166,82.92458,8,3694.29,8,,,,
"Jul 04, 2026","=""111841553039297""",SPM | PHRASE | BRUSH | EV,DAILY_BUDGET,450,PAUSED,No Portfolio,-1,INR,1880,3,0.1596%,7.78000,0,0.00,0.00000,0.00000,0,0.00,0,,,,
"Jul 06, 2026","=""92623729540566""",SPM | PHRASE | Gift combo pack | EV,DAILY_BUDGET,400,ENABLED,No Portfolio,-1,INR,52,0,0.0000%,,0,0.00,,0.00000,0,0.00,0,,,,
