date,campaign_id,campaign_name,portfolio_name,portfolio_id,delivery_status,budget_type,budget_amount,currency,impressions,clicks,ctr,spend,cpc,cpm,purchases,units_sold,sales,roas,acos,conversion_rate,aov,rpc,rpi,cpp,budget_utilization,ntb_purchases,ntb_sales,ntb_units
2026-07-06,143418681856266,SPM|FingerPaint|B0CTHWVRJY|Exact|EV,No Portfolio,-1,ENABLED,DAILY_BUDGET,500,INR,11,0,0.0,0.0,,0.0,0,0,0.0,,,,,,0.0,,0.0,0,0.0,0
2026-07-06,136510731780676,SPT COMP | EXACT | CRAYONS FABER | EV,No Portfolio,-1,ENABLED,DAILY_BUDGET,800,INR,849,21,2.4735,258.16,12.29,304.08,2,2,770.82,2.9858,33.4916,9.5238,385.41,36.71,0.907915,129.08,32.27,0,0.0,0
2026-07-05,213292163478665,SPM|Magic Paint Dust |EV,No Portfolio,-1,PAUSED,DAILY_BUDGET,425,INR,405,2,0.4938,24.76,12.38,61.14,0,0,0.0,0.0,,0.0,,0.0,0.0,,5.83,0,0.0,0
2026-07-04,465213237078364,SP_PT_Paintbrushes_Alternate Purchase,Brush,193601647018990,PAUSED,DAILY_BUDGET,300,INR,109,3,2.7523,53.58,17.86,491.56,0,0,0.0,0.0,,0.0,,0.0,0.0,,17.86,0,0.0,0
2026-07-04,117336351694168,SPM|B0CV1653HN|Phrase|EV,No Portfolio,-1,ENABLED,DAILY_BUDGET,600,INR,31,0,0.0,0.0,,0.0,0,0,0.0,,,,,,0.0,,0.0,0,0.0,0
2026-07-04,42470785252011,SPM | PHRASE | FINGER PAIND AND BRUSH | EV,No Portfolio,-1,PAUSED,DAILY_BUDGET,400,INR,1087,1,0.092,8.22,8.22,7.56,0,0,0.0,0.0,,0.0,,0.0,0.0,,2.06,0,0.0,0
2026-07-05,407135301168055,SPM_Crayon (Focused),Crayons EV,168785445729730,PAUSED,DAILY_BUDGET,800,INR,822,4,0.4866,36.18,9.04,44.01,0,0,0.0,0.0,,0.0,,0.0,0.0,,4.52,0,0.0,0
2026-07-04,386094103151385,SPPT Low selling Asins on Top selling Asins evits,MIX,97346527170228,ENABLED,DAILY_BUDGET,750,INR,96,1,1.0417,11.84,11.84,123.33,0,0,0.0,0.0,,0.0,,0.0,0.0,,1.58,0,0.0,0
2026-07-06,348337395626859,SD_On Competitors_EV,Finger Paints,159287746377553,PAUSED,DAILY_BUDGET,500,INR,354,0,0.0,0.0,,0.0,0,0,0.0,,,,,,0.0,,0.0,0,0.0,0
2026-07-06,154358744913062,SPM|Exact|Playdough|EV,No Portfolio,-1,ENABLED,DAILY_BUDGET,1300,INR,1139,16,1.4047,267.33,16.71,234.71,1,1,560.17,2.0954,47.723,6.25,560.17,35.01,0.491809,267.33,20.56,0,0.0,0
2026-07-05,545131917929283,SP_PT_Finger Paint_Alternate Purchase,Finger Paints,159287746377553,PAUSED,DAILY_BUDGET,300,INR,95,2,2.1053,6.33,3.16,66.63,0,0,0.0,0.0,,0.0,,0.0,0.0,,2.11,0,0.0,0
2026-07-04,207071411420152,spt comp | exact | doms crayons | ev,No Portfolio,-1,ENABLED,DAILY_BUDGET,200,INR,5,1,20.0,7.57,7.57,1514.0,1,1,350.48,46.2985,2.1599,100.0,350.48,350.48,70.096,7.57,3.78,0,0.0,0
2026-07-05,532504289153383,SB|PT|EV,Finger Paints,159287746377553,ENABLED,DAILY_BUDGET,1600,INR,7192,39,0.5423,269.2,6.9,37.43,2,2,1024.29,3.8049,26.2816,5.1282,512.14,26.26,0.142421,134.6,16.82,2,1024.29,2
2026-07-06,312963056484974,SPCT | Refine | Finger Paint | EV,Finger Paints,159287746377553,PAUSED,DAILY_BUDGET,1500,INR,184,0,0.0,0.0,,0.0,0,0,0.0,,,,,,0.0,,0.0,0,0.0,0
2026-07-06,262173269138228,SPM|FingerPaint|NewKW|EV,No Portfolio,-1,ENABLED,DAILY_BUDGET,400,INR,353,4,1.1331,79.4,19.85,224.93,0,0,0.0,0.0,,0.0,,0.0,0.0,,19.85,0,0.0,0
2026-07-06,27686010860469,SPT | COMP | FINGER PAINT | EV,No Portfolio,-1,ENABLED,DAILY_BUDGET,400,INR,488,2,0.4098,13.35,6.68,27.36,0,0,0.0,0.0,,0.0,,0.0,0.0,,3.34,0,0.0,0
2026-07-05,138409774871727,spt comp | exact | luxor crayons | ev,No Portfolio,-1,ENABLED,DAILY_BUDGET,200,INR,11,0,0.0,0.0,,0.0,0,0,0.0,,,,,,0.0,,0.0,0,0.0,0
2026-07-05,191665720634014,SPM | PHRASE | prime day | finger paint | EV,No Portfolio,-1,PAUSED,DAILY_BUDGET,2000,INR,25317,55,0.2172,1204.07,21.89,47.56,0,0,0.0,0.0,,0.0,,0.0,0.0,,60.2,0,0.0,0
2026-07-06,349833362276307,SPM_Branded_Exact_EV,Branded KWs,244185727769582,ENABLED,DAILY_BUDGET,2000,INR,7695,69,0.8967,859.05,12.45,111.64,11,11,5721.51,6.6603,15.0144,15.942,520.14,82.92,0.743536,78.1,42.95,0,0.0,0
2026-07-05,183807700450097,SPT | self | asins top | ev,No Portfolio,-1,ENABLED,DAILY_BUDGET,2000,INR,775,3,0.3871,28.25,9.42,36.45,1,1,311.86,11.0393,9.0586,33.3333,311.86,103.95,0.4024,28.25,1.41,0,0.0,0
2026-07-04,138409774871727,spt comp | exact | luxor crayons | ev,No Portfolio,-1,ENABLED,DAILY_BUDGET,200,INR,23,0,0.0,0.0,,0.0,0,0,0.0,,,,,,0.0,,0.0,0,0.0,0
2026-07-04,82853388149346,Spt comp | PepPlay Store | playdough | ev,No Portfolio,-1,ENABLED,DAILY_BUDGET,1000,INR,533,13,2.439,248.49,19.11,466.21,0,0,0.0,0.0,,0.0,,0.0,0.0,,24.85,0,0.0,0
2026-07-04,530692336771591,SPM | Phrase | Finger Paint | Clolour KW | EV,Finger Paints,159287746377553,PAUSED,DAILY_BUDGET,200,INR,2103,10,0.4755,103.17,10.32,49.06,0,0,0.0,0.0,,0.0,,0.0,0.0,,51.58,0,0.0,0
2026-07-06,13287456874249,SBV on Crayons beeswax - pack of 8,MIX,97346527170228,ENABLED,DAILY_BUDGET,406,INR,1618,4,0.2472,67.62,16.9,41.79,1,1,350.48,5.1831,19.2935,25.0,350.48,87.62,0.216613,67.62,16.66,1,350.48,1
2026-07-06,407135301168055,SPM_Crayon (Focused),Crayons EV,168785445729730,PAUSED,DAILY_BUDGET,800,INR,741,4,0.5398,32.81,8.2,44.28,0,0,0.0,0.0,,0.0,,0.0,0.0,,4.1,0,0.0,0
2026-07-04,181618713453795,SPM|Exact-2|FingerPaint|EV,No Portfolio,-1,ENABLED,DAILY_BUDGET,425,INR,1,0,0.0,0.0,,0.0,0,0,0.0,,,,,,0.0,,0.0,0,0.0,0
2026-07-06,80687361895683,SPM|Phrase|high CTR|FingerpaintEV,No Portfolio,-1,PAUSED,DAILY_BUDGET,425,INR,5,0,0.0,0.0,,0.0,0,0,0.0,,,,,,0.0,,0.0,0,0.0,0
2026-07-06,87156513273619,SPT|All in one paint kit||EV,No Portfolio,-1,PAUSED,DAILY_BUDGET,975,INR,74,0,0.0,0.0,,0.0,0,0,0.0,,,,,,0.0,,0.0,0,0.0,0
2026-07-06,134140664581910,SPM|Brush Set|Phrase|EV,No Portfolio,-1,ENABLED,DAILY_BUDGET,425,INR,157,0,0.0,0.0,,0.0,0,0,0.0,,,,,,0.0,,0.0,0,0.0,0
2026-07-04,260740121954175,SPM|Crayon|Phrase|EV,No Portfolio,-1,ENABLED,DAILY_BUDGET,800,INR,4065,24,0.5904,419.09,17.46,103.1,5,5,2394.57,5.7137,17.5017,20.8333,478.91,99.77,0.58907,83.82,52.39,0,0.0,0
2026-07-05,497848209454975,SPA_All In One_EV,MIX,97346527170228,PAUSED,DAILY_BUDGET,150,INR,214,0,0.0,0.0,,0.0,0,0,0.0,,,,,,0.0,,0.0,0,0.0,0
2026-07-06,14266908817652,SPM|Phrase|PlayDOughAll|EV,No Portfolio,-1,PAUSED,DAILY_BUDGET,425,INR,1646,6,0.3645,91.64,15.27,55.67,0,0,0.0,0.0,,0.0,,0.0,0.0,,21.56,0,0.0,0
2026-07-05,27686010860469,SPT | COMP | FINGER PAINT | EV,No Portfolio,-1,ENABLED,DAILY_BUDGET,400,INR,601,1,0.1664,5.66,5.66,9.42,0,0,0.0,0.0,,0.0,,0.0,0.0,,1.42,0,0.0,0
2026-07-06,82378655260785,SPM|Apron|EV,No Portfolio,-1,ENABLED,DAILY_BUDGET,425,INR,197,3,1.5228,25.24,8.41,128.12,0,0,0.0,0.0,,0.0,,0.0,0.0,,5.94,0,0.0,0
2026-07-05,256413311197457,SPM | PHRASE | Preschool art and craft kit | EV,No Portfolio,-1,ENABLED,DAILY_BUDGET,350,INR,906,6,0.6623,39.63,6.6,43.74,0,0,0.0,0.0,,0.0,,0.0,0.0,,11.32,0,0.0,0
2026-07-06,275156148338722,SPM|Phrase|B0CTHWVRJY|Dabble|EV,No Portfolio,-1,PAUSED,DAILY_BUDGET,500,INR,0,0,,0.0,,,0,0,0.0,,,,,,,,0.0,0,0.0,0
2026-07-04,558169419315915,SPM|Stencil|BrandedKWPhrase|EV,Stencil,136092957990149,ENABLED,DAILY_BUDGET,300,INR,3712,8,0.2155,101.6,12.7,27.37,3,3,983.04,9.6756,10.3353,37.5,327.68,122.88,0.264828,33.87,33.87,0,0.0,0
2026-07-05,233255998804250,SPM | COMP | THOOVI | FINGERPAINT | EV,No Portfolio,-1,ENABLED,DAILY_BUDGET,400,INR,3,0,0.0,0.0,,0.0,0,0,0.0,,,,,,0.0,,0.0,0,0.0,0
2026-07-05,29101152381537,SPM|Crayon|Broad|High|IS|EV,No Portfolio,-1,ENABLED,DAILY_BUDGET,425,INR,1899,27,1.4218,418.17,15.49,220.21,1,1,877.12,2.0975,47.6753,3.7037,877.12,32.49,0.461885,418.17,98.39,0,0.0,0
2026-07-05,212551373579687,SPM | PHRASE | My ABC Trace & Colour Kit  | EV,No Portfolio,-1,ENABLED,DAILY_BUDGET,350,INR,5,0,0.0,0.0,,0.0,0,0,0.0,,,,,,0.0,,0.0,0,0.0,0
2026-07-06,234981482573654,SPT|B0B1DT53X9|Market Basket Analysis|EV,No Portfolio,-1,PAUSED,DAILY_BUDGET,350,INR,2,0,0.0,0.0,,0.0,0,0,0.0,,,,,,0.0,,0.0,0,0.0,0
2026-07-05,80687361895683,SPM|Phrase|high CTR|FingerpaintEV,No Portfolio,-1,PAUSED,DAILY_BUDGET,425,INR,2,0,0.0,0.0,,0.0,0,0,0.0,,,,,,0.0,,0.0,0,0.0,0
2026-07-05,209741811421198,SD|Audiences likely to be interested in your ad|EV,No Portfolio,-1,PAUSED,DAILY_BUDGET,400,INR,7122,14,0.1966,79.5,5.68,11.16,0,0,0.0,0.0,,0.0,,0.0,0.0,,19.88,0,0.0,0
2026-07-06,159756310600623,SPT|Colouring Page|EV,No Portfolio,-1,ENABLED,DAILY_BUDGET,600,INR,70,0,0.0,0.0,,0.0,0,0,0.0,,,,,,0.0,,0.0,0,0.0,0
2026-07-05,281300911958416,SPM|Exact|FingerPaint|New|EV,No Portfolio,-1,ENABLED,DAILY_BUDGET,425,INR,8,0,0.0,0.0,,0.0,0,0,0.0,,,,,,0.0,,0.0,0,0.0,0
2026-07-06,45038153420172,SPM|Phrase|Bubble|EV,No Portfolio,-1,ENABLED,DAILY_BUDGET,425,INR,20,0,0.0,0.0,,0.0,0,0,0.0,,,,,,0.0,,0.0,0,0.0,0
2026-07-04,294032070490990,SPM_Non_toxic paints,Finger Paints,159287746377553,PAUSED,DAILY_BUDGET,400,INR,28,1,3.5714,11.3,11.3,403.57,0,0,0.0,0.0,,0.0,,0.0,0.0,,2.82,0,0.0,0
2026-07-04,29101152381537,SPM|Crayon|Broad|High|IS|EV,No Portfolio,-1,ENABLED,DAILY_BUDGET,425,INR,1424,26,1.8258,389.46,14.98,273.5,1,1,350.48,0.8999,111.1219,3.8462,350.48,13.48,0.246124,389.46,91.64,0,0.0,0
2026-07-06,111841553039297,SPM | PHRASE | BRUSH | EV,No Portfolio,-1,PAUSED,DAILY_BUDGET,450,INR,24,0,0.0,0.0,,0.0,0,0,0.0,,,,,,0.0,,0.0,0,0.0,0
2026-07-05,90194087082837,SPM|Braod|HighIS|FingerPaint\EV,No Portfolio,-1,ENABLED,DAILY_BUDGET,1000,INR,4059,32,0.7884,887.8,27.74,218.72,3,3,1600.0,1.8022,55.4875,9.375,533.33,50.0,0.394186,295.93,88.78,0,0.0,0
2026-07-05,266792110500631,SPT|Self|EV,MIX,97346527170228,ENABLED,DAILY_BUDGET,1000,INR,1554,27,1.7375,254.33,9.42,163.66,2,2,919.49,3.6153,27.6599,7.4074,459.74,34.06,0.591692,127.16,25.43,0,0.0,0
2026-07-06,242931074268465,SPM|My ABC Trace & Colour Kit |Phrase|EV,No Portfolio,-1,ENABLED,DAILY_BUDGET,200,INR,213,0,0.0,0.0,,0.0,0,0,0.0,,,,,,0.0,,0.0,0,0.0,0
2026-07-05,195661823815868,SPT | COMP | FLIP FLAP | EV,No Portfolio,-1,PAUSED,DAILY_BUDGET,400,INR,58,0,0.0,0.0,,0.0,0,0,0.0,,,,,,0.0,,0.0,0,0.0,0
2026-07-05,86884225172261,SPM|MaxCoverage|Finger paint|EV,No Portfolio,-1,ENABLED,DAILY_BUDGET,425,INR,446,1,0.2242,4.66,4.66,10.45,0,0,0.0,0.0,,0.0,,0.0,0.0,,1.1,0,0.0,0
2026-07-05,265370402119116,SPM|finger paint|B0CTHWVRJY|EV,No Portfolio,-1,ENABLED,DAILY_BUDGET,425,INR,139,5,3.5971,117.4,23.48,844.6,1,1,420.34,3.5804,27.9298,20.0,420.34,84.07,3.024029,117.4,27.62,0,0.0,0
2026-07-05,271054170893709,SPM|Exaxt|Bubble|EV,No Portfolio,-1,PAUSED,DAILY_BUDGET,425,INR,14,0,0.0,0.0,,0.0,0,0,0.0,,,,,,0.0,,0.0,0,0.0,0
2026-07-06,434873441648837,SPT|Non-Toxic Finger Paints Pack Of 3|Comp|EV,Finger Paints,159287746377553,PAUSED,DAILY_BUDGET,400,INR,316,4,1.2658,83.97,20.99,265.73,0,0,0.0,0.0,,0.0,,0.0,0.0,,20.99,0,0.0,0
2026-07-04,255385106500028,SPT | COMP | BRUSH | EV,No Portfolio,-1,ENABLED,DAILY_BUDGET,450,INR,41,0,0.0,0.0,,0.0,0,0,0.0,,,,,,0.0,,0.0,0,0.0,0
2026-07-04,236659227709469,SPM|Phrase Dabble|B07T516S4Y|EV,No Portfolio,-1,ENABLED,DAILY_BUDGET,500,INR,337,0,0.0,0.0,,0.0,0,0,0.0,,,,,,0.0,,0.0,0,0.0,0
2026-07-04,34317093851237,SPT|Crayon||EV,No Portfolio,-1,ENABLED,DAILY_BUDGET,500,INR,1271,2,0.1574,15.64,7.82,12.31,0,0,0.0,0.0,,0.0,,0.0,0.0,,3.13,0,0.0,0
2026-07-04,157241051545486,SPM|Phrase|Glue|EV,No Portfolio,-1,PAUSED,DAILY_BUDGET,425,INR,17,0,0.0,0.0,,0.0,0,0,0.0,,,,,,0.0,,0.0,0,0.0,0
2026-07-04,91272998336683,SPT | COMP | CRAYON | EV,No Portfolio,-1,ENABLED,DAILY_BUDGET,400,INR,86,0,0.0,0.0,,0.0,0,0,0.0,,,,,,0.0,,0.0,0,0.0,0
2026-07-06,213726027817300,SPT | COMP | GLUE | EV,No Portfolio,-1,ENABLED,DAILY_BUDGET,400,INR,2,0,0.0,0.0,,0.0,0,0,0.0,,,,,,0.0,,0.0,0,0.0,0
2026-07-06,81595854226365,SPM|Colouring Page|EV,No Portfolio,-1,ENABLED,DAILY_BUDGET,425,INR,1174,9,0.7666,159.85,17.76,136.16,1,1,420.34,2.6296,38.0287,11.1111,420.34,46.7,0.358041,159.85,37.61,0,0.0,0
2026-07-06,7902791986626,SBV | PT COMP | PLAYDOUGH KIT | EV,No Portfolio,-1,ENABLED,DAILY_BUDGET,300,INR,494,2,0.4049,19.08,9.54,38.62,0,0,0.0,0.0,,0.0,,0.0,0.0,,6.36,0,0.0,0
2026-07-06,373536731066978,SB Banner Video Paints and crayons Evits,MIX,97346527170228,ENABLED,DAILY_BUDGET,600,INR,827,8,0.9674,63.4,7.92,76.66,1,1,368.58,5.8136,17.2012,12.5,368.58,46.07,0.445683,63.4,10.57,1,368.58,1
2026-07-04,82756575493820,SPM|Dabble|CrayonSEL-MFN-DC08|EV,No Portfolio,-1,PAUSED,DAILY_BUDGET,425,INR,21,0,0.0,0.0,,0.0,0,0,0.0,,,,,,0.0,,0.0,0,0.0,0
2026-07-05,18450504468378,SPM|FingerPaint|ExactNewKW-2|EV,No Portfolio,-1,ENABLED,DAILY_BUDGET,425,INR,61,7,11.4754,153.71,21.96,2519.84,1,2,927.12,6.0316,16.5793,14.2857,927.12,132.45,15.198689,153.71,36.17,0,0.0,0
2026-07-06,234611538259472,SBV|MagicPaint|Test|EV,No Portfolio,-1,ENABLED,DAILY_BUDGET,1000,INR,43,2,4.6512,17.09,8.54,397.44,1,1,550.0,32.1826,3.1073,50.0,550.0,275.0,12.790698,17.09,1.71,1,550.0,1
2026-07-05,126579192462464,spt | comp | Funskool Store | ev,No Portfolio,-1,PAUSED,DAILY_BUDGET,300,INR,29,1,3.4483,10.19,10.19,351.38,0,0,0.0,0.0,,0.0,,0.0,0.0,,3.4,0,0.0,0
2026-07-06,52854135853657,SB|Banner|PlayDough|EV,No Portfolio,-1,ENABLED,DAILY_BUDGET,500,INR,3546,18,0.5076,84.4,4.69,23.8,1,1,560.17,6.6371,15.0669,5.5556,560.17,31.12,0.157972,84.4,16.88,1,560.17,1
2026-07-05,541682884716773,SPM | Phrase | Finger Paint | Non Toxic KW | EV,Finger Paints,159287746377553,PAUSED,DAILY_BUDGET,300,INR,1,0,0.0,0.0,,0.0,0,0,0.0,,,,,,0.0,,0.0,0,0.0,0
2026-07-05,481395911109105,SPM|Crayon|SearchtermImpressionshare|EV,Crayons EV,168785445729730,PAUSED,DAILY_BUDGET,500,INR,98,0,0.0,0.0,,0.0,0,0,0.0,,,,,,0.0,,0.0,0,0.0,0
2026-07-04,481395911109105,SPM|Crayon|SearchtermImpressionshare|EV,Crayons EV,168785445729730,PAUSED,DAILY_BUDGET,500,INR,240,2,0.8333,23.27,11.64,96.96,0,0,0.0,0.0,,0.0,,0.0,0.0,,4.65,0,0.0,0
2026-07-04,262173269138228,SPM|FingerPaint|NewKW|EV,No Portfolio,-1,ENABLED,DAILY_BUDGET,400,INR,123,1,0.813,8.98,8.98,73.01,0,0,0.0,0.0,,0.0,,0.0,0.0,,2.24,0,0.0,0
2026-07-05,342340840604120,SPM | KT | Broad | Brand | All Asin | EV,Branded KWs,244185727769582,ENABLED,DAILY_BUDGET,650,INR,261,3,1.1494,28.18,9.39,107.97,0,0,0.0,0.0,,0.0,,0.0,0.0,,4.34,0,0.0,0
2026-07-06,183807700450097,SPT | self | asins top | ev,No Portfolio,-1,ENABLED,DAILY_BUDGET,2000,INR,769,7,0.9103,75.23,10.75,97.83,0,0,0.0,0.0,,0.0,,0.0,0.0,,3.76,0,0.0,0
2026-07-06,97842557108414,SPM|My First Puzzle|EV,No Portfolio,-1,PAUSED,DAILY_BUDGET,425,INR,1,0,0.0,0.0,,0.0,0,0,0.0,,,,,,0.0,,0.0,0,0.0,0
2026-07-05,178785673020912,SPM|CrayonPhrase|HighIS|EV,No Portfolio,-1,ENABLED,DAILY_BUDGET,425,INR,1,0,0.0,0.0,,0.0,0,0,0.0,,,,,,0.0,,0.0,0,0.0,0
2026-07-05,59867277809947,SPM | Finger Paint Defensive KWs |--Evits,Finger Paints,159287746377553,ENABLED,DAILY_BUDGET,700,INR,988,7,0.7085,136.15,19.45,137.8,2,2,1580.5,11.6085,8.6144,28.5714,790.25,225.79,1.599696,68.08,19.45,0,0.0,0
2026-07-04,343269127329807,SPM | Phrase | Bubble | EV,Bubbles EV,107518603985453,ENABLED,DAILY_BUDGET,300,INR,240,2,0.8333,11.94,5.97,49.75,0,0,0.0,0.0,,0.0,,0.0,0.0,,3.98,0,0.0,0
2026-07-06,121649176852077,SPM|LowImpression|PlayDough|EV,No Portfolio,-1,PAUSED,DAILY_BUDGET,425,INR,1109,13,1.1722,172.39,13.26,155.45,0,0,0.0,0.0,,0.0,,0.0,0.0,,40.56,0,0.0,0
2026-07-05,195915006483249,SB|StoreFront|EV,No Portfolio,-1,ENABLED,DAILY_BUDGET,1000,INR,1025,18,1.7561,616.87,34.27,601.82,0,0,0.0,0.0,,0.0,,0.0,0.0,,61.69,0,0.0,0
2026-07-05,219320864200237,SPM | top asin | exact | ev,No Portfolio,-1,PAUSED,DAILY_BUDGET,425,INR,2,0,0.0,0.0,,0.0,0,0,0.0,,,,,,0.0,,0.0,0,0.0,0
2026-07-05,140982265020090,SPT|B07T2W496G|Market Basket Analysis|EV,No Portfolio,-1,PAUSED,DAILY_BUDGET,350,INR,6,0,0.0,0.0,,0.0,0,0,0.0,,,,,,0.0,,0.0,0,0.0,0
2026-07-04,210389325199036,SPT|FingerPaint|BSR-3|EV,No Portfolio,-1,PAUSED,DAILY_BUDGET,425,INR,453,0,0.0,0.0,,0.0,0,0,0.0,,,,,,0.0,,0.0,0,0.0,0
2026-07-04,478799210489673,SPA_Combos_brush_evits,Brush,193601647018990,PAUSED,DAILY_BUDGET,200,INR,3520,17,0.483,75.66,4.45,21.49,0,0,0.0,0.0,,0.0,,0.0,0.0,,37.83,0,0.0,0
2026-07-04,541682884716773,SPM | Phrase | Finger Paint | Non Toxic KW | EV,Finger Paints,159287746377553,PAUSED,DAILY_BUDGET,300,INR,1,0,0.0,0.0,,0.0,0,0,0.0,,,,,,0.0,,0.0,0,0.0,0
2026-07-05,457849298361429,SPT|FingerPaints|Comp|EV,Finger Paints,159287746377553,ENABLED,DAILY_BUDGET,1800,INR,58,0,0.0,0.0,,0.0,0,0,0.0,,,,,,0.0,,0.0,0,0.0,0
2026-07-04,82534089099489,SPM | Phrase KWs tgrt |--Evits,Finger Paints,159287746377553,ENABLED,DAILY_BUDGET,700,INR,9994,49,0.4903,841.89,17.18,84.24,6,6,2696.28,3.2027,31.2241,12.2449,449.38,55.03,0.26979,140.32,120.27,0,0.0,0
2026-07-04,376052058590065,SPT| Starter Painting Fun Pack|EV,Finger Paints,159287746377553,PAUSED,DAILY_BUDGET,925,INR,4,1,25.0,9.68,9.68,2420.0,0,0,0.0,0.0,,0.0,,0.0,0.0,,1.05,0,0.0,0
2026-07-04,407135301168055,SPM_Crayon (Focused),Crayons EV,168785445729730,PAUSED,DAILY_BUDGET,800,INR,939,6,0.639,51.7,8.62,55.06,0,0,0.0,0.0,,0.0,,0.0,0.0,,6.46,0,0.0,0
2026-07-04,271054170893709,SPM|Exaxt|Bubble|EV,No Portfolio,-1,PAUSED,DAILY_BUDGET,425,INR,14,0,0.0,0.0,,0.0,0,0,0.0,,,,,,0.0,,0.0,0,0.0,0
2026-07-05,327546802363585,SPM|PT|Beeswax Crayons|PT|EV,Crayons EV,168785445729730,PAUSED,DAILY_BUDGET,400,INR,221,1,0.4525,12.25,12.25,55.43,0,0,0.0,0.0,,0.0,,0.0,0.0,,3.06,0,0.0,0
2026-07-06,298366136066434,SPM Brand KW/exact evits,MIX,97346527170228,PAUSED,DAILY_BUDGET,450,INR,6,0,0.0,0.0,,0.0,0,0,0.0,,,,,,0.0,,0.0,0,0.0,0
2026-07-06,520168155591740,SPM|Branded|Exact|PlayDough|EV,Play Dough,35432676096043,ENABLED,DAILY_BUDGET,500,INR,341,1,0.2933,10.54,10.54,30.91,0,0,0.0,0.0,,0.0,,0.0,0.0,,2.11,0,0.0,0
2026-07-06,207071411420152,spt comp | exact | doms crayons | ev,No Portfolio,-1,ENABLED,DAILY_BUDGET,200,INR,7,0,0.0,0.0,,0.0,0,0,0.0,,,,,,0.0,,0.0,0,0.0,0
2026-07-06,383333671737797,SPM | Phrase | Finger Paint | Toddler KW | EV,Finger Paints,159287746377553,ENABLED,DAILY_BUDGET,300,INR,2058,5,0.243,93.02,18.6,45.2,0,0,0.0,0.0,,0.0,,0.0,0.0,,31.01,0,0.0,0
2026-07-06,104835423946722,SBV | DESSERT PAINT | EV,No Portfolio,-1,PAUSED,DAILY_BUDGET,500,INR,4687,27,0.5761,211.3,7.83,45.08,1,1,422.88,2.0013,49.9669,3.7037,422.88,15.66,0.090224,211.3,42.26,1,422.88,1
2026-07-04,380246967831778,SPM_Branded_Phrase_KW,Branded KWs,244185727769582,ENABLED,DAILY_BUDGET,1200,INR,2056,10,0.4864,125.0,12.5,60.8,1,1,420.34,3.3627,29.7378,10.0,420.34,42.03,0.204446,125.0,10.42,0,0.0,0
2026-07-05,380246967831778,SPM_Branded_Phrase_KW,Branded KWs,244185727769582,ENABLED,DAILY_BUDGET,1200,INR,748,7,0.9358,101.81,14.54,136.11,0,0,0.0,0.0,,0.0,,0.0,0.0,,8.48,0,0.0,0
2026-07-05,191133007078195,SPM|Finger|Paints|EV,No Portfolio,-1,PAUSED,DAILY_BUDGET,800,INR,2173,4,0.1841,85.57,21.39,39.38,0,0,0.0,0.0,,0.0,,0.0,0.0,,10.7,0,0.0,0
2026-07-04,398929024024547,SPM|Finger Paints|TOS|EV,Finger Paints,159287746377553,ENABLED,DAILY_BUDGET,600,INR,37,0,0.0,0.0,,0.0,0,0,0.0,,,,,,0.0,,0.0,0,0.0,0
2026-07-05,109068887651517,SPA|Low Sessions | Low Conversion|4|EV,Medium Sales,50595836317071,ENABLED,DAILY_BUDGET,425,INR,4529,26,0.5741,122.2,4.7,26.98,1,1,420.34,3.4398,29.0717,3.8462,420.34,16.17,0.092811,122.2,28.75,0,0.0,0
2026-07-06,150034018323158,SPT|B096WGCRL3|Market Basket Analysis|EV,No Portfolio,-1,ENABLED,DAILY_BUDGET,425,INR,0,0,,0.0,,,0,0,0.0,,,,,,,,0.0,0,0.0,0
2026-07-04,229223862032756,sd | view remarketing | ev,No Portfolio,-1,PAUSED,DAILY_BUDGET,800,INR,8215,22,0.2678,365.0,16.59,44.43,1,1,410.48,1.1246,88.9203,4.5455,410.48,18.66,0.049967,365.0,45.62,0,0.0,0
2026-07-06,119149886141956,SPT|Playdough|EV,No Portfolio,-1,ENABLED,DAILY_BUDGET,1200,INR,1263,20,1.5835,214.52,10.73,169.85,0,0,0.0,0.0,,0.0,,0.0,0.0,,17.88,0,0.0,0
2026-07-05,176506582166182,spt | comp | FunBlast Store | ev,No Portfolio,-1,ENABLED,DAILY_BUDGET,300,INR,1,0,0.0,0.0,,0.0,0,0,0.0,,,,,,0.0,,0.0,0,0.0,0
2026-07-05,157959813730539,SPM|Glue|Phrase|EV,No Portfolio,-1,PAUSED,DAILY_BUDGET,425,INR,5,0,0.0,0.0,,0.0,0,0,0.0,,,,,,0.0,,0.0,0,0.0,0
2026-07-06,486570888420330,SPT|Bubble|Comp|EV,Bubbles EV,107518603985453,ENABLED,DAILY_BUDGET,500,INR,23,0,0.0,0.0,,0.0,0,0,0.0,,,,,,0.0,,0.0,0,0.0,0
2026-07-06,216457104421508,SPM|Exact|AllASIN|Branded|KW,No Portfolio,-1,ENABLED,DAILY_BUDGET,2000,INR,960,5,0.5208,61.29,12.26,63.84,3,3,1169.01,19.0734,5.2429,60.0,389.67,233.8,1.217719,20.43,3.06,0,0.0,0
2026-07-06,208411996321381,SPT | COMP | Hand and Foot Print Kit | EV,No Portfolio,-1,ENABLED,DAILY_BUDGET,400,INR,384,13,3.3854,96.03,7.39,250.08,1,1,517.14,5.3852,18.5694,7.6923,517.14,39.78,1.346719,96.03,24.01,0,0.0,0
2026-07-06,144096496718251,SPM | SELF PT | MIX ASIN | EV,No Portfolio,-1,PAUSED,DAILY_BUDGET,300,INR,0,0,,0.0,,,0,0,0.0,,,,,,,,0.0,0,0.0,0
2026-07-04,20789723317726,SPM|Phrase| Magic Bubbles |EV,No Portfolio,-1,PAUSED,DAILY_BUDGET,425,INR,9,0,0.0,0.0,,0.0,0,0,0.0,,,,,,0.0,,0.0,0,0.0,0
2026-07-06,91272998336683,SPT | COMP | CRAYON | EV,No Portfolio,-1,ENABLED,DAILY_BUDGET,400,INR,27,0,0.0,0.0,,0.0,0,0,0.0,,,,,,0.0,,0.0,0,0.0,0
2026-07-06,59867277809947,SPM | Finger Paint Defensive KWs |--Evits,Finger Paints,159287746377553,ENABLED,DAILY_BUDGET,700,INR,2036,5,0.2456,72.31,14.46,35.52,3,4,2167.31,29.9725,3.3364,60.0,722.44,433.46,1.064494,24.1,10.33,0,0.0,0
2026-07-06,422753227659504,SP_CT_Starter_fingerpaints_painting_EV,Finger Paints,159287746377553,PAUSED,DAILY_BUDGET,200,INR,1799,40,2.2235,392.05,9.8,217.93,0,0,0.0,0.0,,0.0,,0.0,0.0,,196.02,0,0.0,0
2026-07-04,279062816688209,SPM | PHRASE | CRAYON | EV,No Portfolio,-1,ENABLED,DAILY_BUDGET,400,INR,1657,5,0.3018,30.1,6.02,18.17,0,0,0.0,0.0,,0.0,,0.0,0.0,,7.52,0,0.0,0
2026-07-05,486880556606586,SPA_Non Toxic Glue,Non Toxic Glue,225101040863691,ENABLED,DAILY_BUDGET,200,INR,306,0,0.0,0.0,,0.0,0,0,0.0,,,,,,0.0,,0.0,0,0.0,0
2026-07-06,167306344691053,SPM | phrase | Finger paint  mix | ev,No Portfolio,-1,ENABLED,DAILY_BUDGET,425,INR,42,2,4.7619,47.88,23.94,1140.0,0,0,0.0,0.0,,0.0,,0.0,0.0,,11.27,0,0.0,0
2026-07-04,134140664581910,SPM|Brush Set|Phrase|EV,No Portfolio,-1,ENABLED,DAILY_BUDGET,425,INR,171,0,0.0,0.0,,0.0,0,0,0.0,,,,,,0.0,,0.0,0,0.0,0
2026-07-04,38374610858252,SPT|Finger paint|EV,No Portfolio,-1,ENABLED,DAILY_BUDGET,2000,INR,4283,66,1.541,1023.15,15.5,238.89,8,8,3371.67,3.2954,30.3455,12.1212,421.46,51.09,0.787222,127.89,51.16,0,0.0,0
2026-07-04,257572073641830,SPM|Broad|Brush Set|EV,No Portfolio,-1,ENABLED,DAILY_BUDGET,500,INR,1221,15,1.2285,199.65,13.31,163.51,2,2,1071.18,5.3653,18.6383,13.3333,535.59,71.41,0.877297,99.82,39.93,0,0.0,0
2026-07-06,386094103151385,SPPT Low selling Asins on Top selling Asins evits,MIX,97346527170228,ENABLED,DAILY_BUDGET,750,INR,54,1,1.8519,10.0,10.0,185.19,0,0,0.0,0.0,,0.0,,0.0,0.0,,1.33,0,0.0,0
2026-07-04,321162675604576,SP|PT|Comp|Map|EV,MAP,248982874073991,PAUSED,DAILY_BUDGET,425,INR,38,0,0.0,0.0,,0.0,0,0,0.0,,,,,,0.0,,0.0,0,0.0,0
2026-07-04,213292163478665,SPM|Magic Paint Dust |EV,No Portfolio,-1,PAUSED,DAILY_BUDGET,425,INR,414,3,0.7246,30.18,10.06,72.9,0,0,0.0,0.0,,0.0,,0.0,0.0,,7.1,0,0.0,0
2026-07-05,91272998336683,SPT | COMP | CRAYON | EV,No Portfolio,-1,ENABLED,DAILY_BUDGET,400,INR,14,0,0.0,0.0,,0.0,0,0,0.0,,,,,,0.0,,0.0,0,0.0,0
2026-07-04,167306344691053,SPM | phrase | Finger paint  mix | ev,No Portfolio,-1,ENABLED,DAILY_BUDGET,425,INR,16,0,0.0,0.0,,0.0,0,0,0.0,,,,,,0.0,,0.0,0,0.0,0
2026-07-04,275984104233374,SD|PR|EV,No Portfolio,-1,ENABLED,DAILY_BUDGET,400,INR,37,0,0.0,0.0,,0.0,0,0,0.0,,,,,,0.0,,0.0,0,0.0,0
2026-07-04,150034018323158,SPT|B096WGCRL3|Market Basket Analysis|EV,No Portfolio,-1,ENABLED,DAILY_BUDGET,425,INR,1,0,0.0,0.0,,0.0,0,0,0.0,,,,,,0.0,,0.0,0,0.0,0
2026-07-04,246957273103533,SPM|Phrase|All in one paint kit|EV,No Portfolio,-1,ENABLED,DAILY_BUDGET,975,INR,30,0,0.0,0.0,,0.0,0,0,0.0,,,,,,0.0,,0.0,0,0.0,0
2026-07-04,208411996321381,SPT | COMP | Hand and Foot Print Kit | EV,No Portfolio,-1,ENABLED,DAILY_BUDGET,400,INR,325,8,2.4615,61.08,7.64,187.94,0,0,0.0,0.0,,0.0,,0.0,0.0,,15.27,0,0.0,0
2026-07-06,160598947008435,SPT|Bubble|EV,No Portfolio,-1,ENABLED,DAILY_BUDGET,425,INR,1575,9,0.5714,111.93,12.44,71.07,0,0,0.0,0.0,,0.0,,0.0,0.0,,26.34,0,0.0,0
2026-07-04,497848209454975,SPA_All In One_EV,MIX,97346527170228,PAUSED,DAILY_BUDGET,150,INR,236,2,0.8475,12.16,6.08,51.53,0,0,0.0,0.0,,0.0,,0.0,0.0,,8.11,0,0.0,0
2026-07-04,58249036949135,SPT|FingerPaint|BRS-1|EV,No Portfolio,-1,ENABLED,DAILY_BUDGET,425,INR,1348,4,0.2967,48.92,12.23,36.29,0,0,0.0,0.0,,0.0,,0.0,0.0,,11.51,0,0.0,0
2026-07-04,367062819319868,SPA|Crayon|AmazonPI|EV,Crayons EV,168785445729730,ENABLED,DAILY_BUDGET,500,INR,1052,1,0.0951,6.14,6.14,5.84,0,0,0.0,0.0,,0.0,,0.0,0.0,,1.23,0,0.0,0
2026-07-04,129312139789794,SPM|Exact|FingerPaing|EV,No Portfolio,-1,PAUSED,DAILY_BUDGET,425,INR,16,0,0.0,0.0,,0.0,0,0,0.0,,,,,,0.0,,0.0,0,0.0,0
2026-07-05,520168155591740,SPM|Branded|Exact|PlayDough|EV,Play Dough,35432676096043,ENABLED,DAILY_BUDGET,500,INR,472,3,0.6356,50.29,16.76,106.55,0,0,0.0,0.0,,0.0,,0.0,0.0,,10.06,0,0.0,0
2026-07-05,383333671737797,SPM | Phrase | Finger Paint | Toddler KW | EV,Finger Paints,159287746377553,ENABLED,DAILY_BUDGET,300,INR,202,1,0.495,18.17,18.17,89.95,0,0,0.0,0.0,,0.0,,0.0,0.0,,6.06,0,0.0,0
2026-07-06,42470785252011,SPM | PHRASE | FINGER PAIND AND BRUSH | EV,No Portfolio,-1,PAUSED,DAILY_BUDGET,400,INR,16,0,0.0,0.0,,0.0,0,0,0.0,,,,,,0.0,,0.0,0,0.0,0
2026-07-04,424566667830225,SPM|Broad|Crayons|EV,Crayons EV,168785445729730,ENABLED,DAILY_BUDGET,400,INR,3,0,0.0,0.0,,0.0,0,0,0.0,,,,,,0.0,,0.0,0,0.0,0
2026-07-05,40728313544829,sd | purchase remarketing | ev,No Portfolio,-1,ENABLED,DAILY_BUDGET,1000,INR,132,0,0.0,0.0,,0.0,0,0,0.0,,,,,,0.0,,0.0,0,0.0,0
2026-07-06,157959813730539,SPM|Glue|Phrase|EV,No Portfolio,-1,PAUSED,DAILY_BUDGET,425,INR,11,0,0.0,0.0,,0.0,0,0,0.0,,,,,,0.0,,0.0,0,0.0,0
2026-07-05,422753227659504,SP_CT_Starter_fingerpaints_painting_EV,Finger Paints,159287746377553,PAUSED,DAILY_BUDGET,200,INR,2151,30,1.3947,303.18,10.11,140.95,0,0,0.0,0.0,,0.0,,0.0,0.0,,151.59,0,0.0,0
2026-07-04,27686010860469,SPT | COMP | FINGER PAINT | EV,No Portfolio,-1,ENABLED,DAILY_BUDGET,400,INR,379,2,0.5277,10.74,5.37,28.34,0,0,0.0,0.0,,0.0,,0.0,0.0,,2.68,0,0.0,0
2026-07-05,11637833927236,SPM|Exact|MagicPaintDust|EV,No Portfolio,-1,PAUSED,DAILY_BUDGET,2000,INR,1235,14,1.1336,205.83,14.7,166.66,0,0,0.0,0.0,,0.0,,0.0,0.0,,10.29,0,0.0,0
2026-07-04,191133007078195,SPM|Finger|Paints|EV,No Portfolio,-1,PAUSED,DAILY_BUDGET,800,INR,1924,7,0.3638,169.05,24.15,87.86,0,0,0.0,0.0,,0.0,,0.0,0.0,,21.13,0,0.0,0
2026-07-04,56452777781572,SPT|B096WD8RC2|Market Basket Analysis|EV,No Portfolio,-1,ENABLED,DAILY_BUDGET,425,INR,2,0,0.0,0.0,,0.0,0,0,0.0,,,,,,0.0,,0.0,0,0.0,0
2026-07-06,213292163478665,SPM|Magic Paint Dust |EV,No Portfolio,-1,PAUSED,DAILY_BUDGET,425,INR,831,7,0.8424,90.25,12.89,108.6,0,0,0.0,0.0,,0.0,,0.0,0.0,,21.24,0,0.0,0
2026-07-06,24070394726923,SPM | phrase | Playdough | ev,No Portfolio,-1,ENABLED,DAILY_BUDGET,425,INR,175,0,0.0,0.0,,0.0,0,0,0.0,,,,,,0.0,,0.0,0,0.0,0
2026-07-06,302299248446612,SPT - Paint Dust+ABC Trace | EV,MIX,97346527170228,ENABLED,DAILY_BUDGET,800,INR,285,8,2.807,68.0,8.5,238.6,1,1,645.72,9.4959,10.5309,12.5,645.72,80.72,2.265684,68.0,8.5,0,0.0,0
2026-07-06,178785673020912,SPM|CrayonPhrase|HighIS|EV,No Portfolio,-1,ENABLED,DAILY_BUDGET,425,INR,7,0,0.0,0.0,,0.0,0,0,0.0,,,,,,0.0,,0.0,0,0.0,0
2026-07-05,234981482573654,SPT|B0B1DT53X9|Market Basket Analysis|EV,No Portfolio,-1,PAUSED,DAILY_BUDGET,350,INR,1,1,100.0,6.34,6.34,6340.0,0,0,0.0,0.0,,0.0,,0.0,0.0,,1.81,0,0.0,0
2026-07-05,123352051178567,SPM|HighImpression|FingerPaint|EV,No Portfolio,-1,PAUSED,DAILY_BUDGET,425,INR,0,0,,0.0,,,0,0,0.0,,,,,,,,0.0,0,0.0,0
2026-07-05,476068278695542,SPT|COMP|Starter Painting Fun Pack|EV,Finger Paints,159287746377553,ENABLED,DAILY_BUDGET,2500,INR,230,2,0.8696,34.08,17.04,148.17,0,0,0.0,0.0,,0.0,,0.0,0.0,,1.36,0,0.0,0
2026-07-05,250329551530843,SPM|Exact|EV|B07T516S4Y|EV,No Portfolio,-1,PAUSED,DAILY_BUDGET,500,INR,1,0,0.0,0.0,,0.0,0,0,0.0,,,,,,0.0,,0.0,0,0.0,0
2026-07-04,234611538259472,SBV|MagicPaint|Test|EV,No Portfolio,-1,ENABLED,DAILY_BUDGET,1000,INR,61,1,1.6393,13.72,13.72,224.92,0,0,0.0,0.0,,0.0,,0.0,0.0,,1.37,0,0.0,0
2026-07-04,384672449138272,SPM|Crayon|ToddlerKW|EV,Crayons EV,168785445729730,ENABLED,DAILY_BUDGET,600,INR,236,0,0.0,0.0,,0.0,0,0,0.0,,,,,,0.0,,0.0,0,0.0,0
2026-07-05,119634449447071,SD|Low Sessions | Low Conversion|EV,No Portfolio,-1,PAUSED,DAILY_BUDGET,200,INR,183,0,0.0,0.0,,0.0,0,0,0.0,,,,,,0.0,,0.0,0,0.0,0
2026-07-06,34317093851237,SPT|Crayon||EV,No Portfolio,-1,ENABLED,DAILY_BUDGET,500,INR,503,0,0.0,0.0,,0.0,0,0,0.0,,,,,,0.0,,0.0,0,0.0,0
2026-07-06,376909993254211,SPM|Exact|Crayon|Search Performance|EV,Crayons EV,168785445729730,PAUSED,DAILY_BUDGET,200,INR,73,0,0.0,0.0,,0.0,0,0,0.0,,,,,,0.0,,0.0,0,0.0,0
2026-07-05,530692336771591,SPM | Phrase | Finger Paint | Clolour KW | EV,Finger Paints,159287746377553,PAUSED,DAILY_BUDGET,200,INR,2268,14,0.6173,153.61,10.97,67.73,0,0,0.0,0.0,,0.0,,0.0,0.0,,76.81,0,0.0,0
2026-07-04,148717529917684,SPM|Sensory Rice Kit |EV,No Portfolio,-1,PAUSED,DAILY_BUDGET,425,INR,1078,16,1.4842,144.54,9.03,134.08,0,0,0.0,0.0,,0.0,,0.0,0.0,,34.01,0,0.0,0
2026-07-04,130231059183471,SPM | PHRASE | COLOURING PAGE | EV,No Portfolio,-1,ENABLED,DAILY_BUDGET,400,INR,1038,8,0.7707,89.26,11.16,85.99,0,0,0.0,0.0,,0.0,,0.0,0.0,,22.32,0,0.0,0
2026-07-05,119149886141956,SPT|Playdough|EV,No Portfolio,-1,ENABLED,DAILY_BUDGET,1200,INR,1493,28,1.8754,297.03,10.61,198.95,2,2,1120.34,3.7718,26.5125,7.1429,560.17,40.01,0.750395,148.51,24.75,0,0.0,0
2026-07-06,104083670362882,SPM | BROAD | FINGER PAINT | EV,No Portfolio,-1,PAUSED,DAILY_BUDGET,300,INR,32,0,0.0,0.0,,0.0,0,0,0.0,,,,,,0.0,,0.0,0,0.0,0
2026-07-05,190630060887939,SPM|PlayDough|Exact\EV,No Portfolio,-1,ENABLED,DAILY_BUDGET,2000,INR,271,23,8.4871,1052.22,45.75,3882.73,1,1,560.17,0.5324,187.8394,4.3478,560.17,24.36,2.067048,1052.22,52.61,0,0.0,0
2026-07-04,43772916710120,SPM | PHRASE | Unicorn Stencil | EV,No Portfolio,-1,ENABLED,DAILY_BUDGET,350,INR,8,0,0.0,0.0,,0.0,0,0,0.0,,,,,,0.0,,0.0,0,0.0,0
2026-07-05,6300601943430,SPT|Brush Set|EV,No Portfolio,-1,PAUSED,DAILY_BUDGET,400,INR,163,0,0.0,0.0,,0.0,0,0,0.0,,,,,,0.0,,0.0,0,0.0,0
2026-07-05,81595854226365,SPM|Colouring Page|EV,No Portfolio,-1,ENABLED,DAILY_BUDGET,425,INR,966,0,0.0,0.0,,0.0,0,0,0.0,,,,,,0.0,,0.0,0,0.0,0
2026-07-05,262173269138228,SPM|FingerPaint|NewKW|EV,No Portfolio,-1,ENABLED,DAILY_BUDGET,400,INR,424,3,0.7075,65.7,21.9,154.95,0,0,0.0,0.0,,0.0,,0.0,0.0,,16.42,0,0.0,0
2026-07-06,465213237078364,SP_PT_Paintbrushes_Alternate Purchase,Brush,193601647018990,PAUSED,DAILY_BUDGET,300,INR,63,0,0.0,0.0,,0.0,0,0,0.0,,,,,,0.0,,0.0,0,0.0,0
2026-07-04,157959813730539,SPM|Glue|Phrase|EV,No Portfolio,-1,PAUSED,DAILY_BUDGET,425,INR,11,0,0.0,0.0,,0.0,0,0,0.0,,,,,,0.0,,0.0,0,0.0,0
2026-07-04,342340840604120,SPM | KT | Broad | Brand | All Asin | EV,Branded KWs,244185727769582,ENABLED,DAILY_BUDGET,650,INR,703,6,0.8535,53.93,8.99,76.71,2,2,973.08,18.0434,5.5422,33.3333,486.54,162.18,1.384182,26.96,8.3,0,0.0,0
2026-07-06,175284729942534,SPT|Flip Flap|EV,No Portfolio,-1,PAUSED,DAILY_BUDGET,425,INR,17,0,0.0,0.0,,0.0,0,0,0.0,,,,,,0.0,,0.0,0,0.0,0
2026-07-06,424566667830225,SPM|Broad|Crayons|EV,Crayons EV,168785445729730,ENABLED,DAILY_BUDGET,400,INR,6,0,0.0,0.0,,0.0,0,0,0.0,,,,,,0.0,,0.0,0,0.0,0
2026-07-06,444606167193508,SP|PT|B096WGCRL3|Comp|EV,MIX,97346527170228,PAUSED,DAILY_BUDGET,300,INR,21,1,4.7619,6.38,6.38,303.81,0,0,0.0,0.0,,0.0,,0.0,0.0,,2.13,0,0.0,0
2026-07-04,302299248446612,SPT - Paint Dust+ABC Trace | EV,MIX,97346527170228,ENABLED,DAILY_BUDGET,800,INR,246,7,2.8455,55.39,7.91,225.16,3,3,1465.19,26.4522,3.7804,42.8571,488.4,209.31,5.956057,18.46,6.92,0,0.0,0
2026-07-06,380246967831778,SPM_Branded_Phrase_KW,Branded KWs,244185727769582,ENABLED,DAILY_BUDGET,1200,INR,477,11,2.3061,175.86,15.99,368.68,0,0,0.0,0.0,,0.0,,0.0,0.0,,14.66,0,0.0,0
2026-07-04,454299066820157,SPPT|MyFirstSwingingJungleCombo|EV,Competitor PT EV,77621372464843,ENABLED,DAILY_BUDGET,400,INR,4,1,25.0,3.57,3.57,892.5,1,1,350.48,98.1737,1.0186,100.0,350.48,350.48,87.62,3.57,0.89,0,0.0,0
2026-07-06,67520618520942,SPM|Phrase|Stencil|EV,Stencil,136092957990149,PAUSED,DAILY_BUDGET,400,INR,3,0,0.0,0.0,,0.0,0,0,0.0,,,,,,0.0,,0.0,0,0.0,0
2026-07-05,210389325199036,SPT|FingerPaint|BSR-3|EV,No Portfolio,-1,PAUSED,DAILY_BUDGET,425,INR,472,1,0.2119,10.19,10.19,21.59,0,0,0.0,0.0,,0.0,,0.0,0.0,,2.4,0,0.0,0
2026-07-06,152650728261797,SPT|Sensory Rice Kit |EV,No Portfolio,-1,ENABLED,DAILY_BUDGET,425,INR,415,8,1.9277,68.7,8.59,165.54,0,0,0.0,0.0,,0.0,,0.0,0.0,,16.16,0,0.0,0
2026-07-05,367062819319868,SPA|Crayon|AmazonPI|EV,Crayons EV,168785445729730,ENABLED,DAILY_BUDGET,500,INR,1486,3,0.2019,14.89,4.96,10.02,2,2,853.67,57.3318,1.7442,66.6667,426.84,284.56,0.574475,7.44,2.98,0,0.0,0
2026-07-05,529319334663227,SPM finger Paints KW/Phrase evits,Finger Paints,159287746377553,PAUSED,DAILY_BUDGET,200,INR,514,0,0.0,0.0,,0.0,0,0,0.0,,,,,,0.0,,0.0,0,0.0,0
2026-07-05,70447777015054,SPM|PlayDough | prime day |EV,No Portfolio,-1,ENABLED,DAILY_BUDGET,1000,INR,14237,82,0.576,1051.14,12.82,73.83,1,1,560.17,0.5329,187.6466,1.2195,560.17,6.83,0.039346,1051.14,105.11,0,0.0,0
2026-07-04,430603660145796,SPT|Comp|Mix|EV,Finger Paints,159287746377553,PAUSED,DAILY_BUDGET,700,INR,159,0,0.0,0.0,,0.0,0,0,0.0,,,,,,0.0,,0.0,0,0.0,0
2026-07-06,530692336771591,SPM | Phrase | Finger Paint | Clolour KW | EV,Finger Paints,159287746377553,PAUSED,DAILY_BUDGET,200,INR,145,1,0.6897,11.48,11.48,79.17,0,0,0.0,0.0,,0.0,,0.0,0.0,,5.74,0,0.0,0
2026-07-05,202163593914826,SPT COMP | EXACT | Imagimake1 | EV,No Portfolio,-1,ENABLED,DAILY_BUDGET,200,INR,84,2,2.381,13.34,6.67,158.81,0,0,0.0,0.0,,0.0,,0.0,0.0,,6.67,0,0.0,0
2026-07-06,320096851298962,SPM | Phrase | Painting Art Canvas | EV,Finger Paints,159287746377553,PAUSED,DAILY_BUDGET,300,INR,1,0,0.0,0.0,,0.0,0,0,0.0,,,,,,0.0,,0.0,0,0.0,0
2026-07-04,18450504468378,SPM|FingerPaint|ExactNewKW-2|EV,No Portfolio,-1,ENABLED,DAILY_BUDGET,425,INR,38,2,5.2632,58.74,29.37,1545.79,1,1,420.34,7.1559,13.9744,50.0,420.34,210.17,11.061579,58.74,13.82,0,0.0,0
2026-07-06,229223862032756,sd | view remarketing | ev,No Portfolio,-1,PAUSED,DAILY_BUDGET,800,INR,8709,21,0.2411,574.57,27.36,65.97,1,1,420.34,0.7316,136.6917,4.7619,420.34,20.02,0.048265,574.57,71.82,1,420.34,1
2026-07-06,130231059183471,SPM | PHRASE | COLOURING PAGE | EV,No Portfolio,-1,ENABLED,DAILY_BUDGET,400,INR,1353,5,0.3695,46.0,9.2,34.0,0,0,0.0,0.0,,0.0,,0.0,0.0,,11.5,0,0.0,0
2026-07-04,48634121504600,SPT|B09F3DTZDF|Market Basket Analysis|EV,No Portfolio,-1,ENABLED,DAILY_BUDGET,425,INR,9,0,0.0,0.0,,0.0,0,0,0.0,,,,,,0.0,,0.0,0,0.0,0
2026-07-04,275156148338722,SPM|Phrase|B0CTHWVRJY|Dabble|EV,No Portfolio,-1,PAUSED,DAILY_BUDGET,500,INR,13,0,0.0,0.0,,0.0,0,0,0.0,,,,,,0.0,,0.0,0,0.0,0
2026-07-06,90194087082837,SPM|Braod|HighIS|FingerPaint\EV,No Portfolio,-1,ENABLED,DAILY_BUDGET,1000,INR,3273,29,0.886,901.86,31.1,275.55,1,1,420.34,0.4661,214.5549,3.4483,420.34,14.49,0.128427,901.86,90.19,0,0.0,0
2026-07-04,213726027817300,SPT | COMP | GLUE | EV,No Portfolio,-1,ENABLED,DAILY_BUDGET,400,INR,1,0,0.0,0.0,,0.0,0,0,0.0,,,,,,0.0,,0.0,0,0.0,0
2026-07-05,213726027817300,SPT | COMP | GLUE | EV,No Portfolio,-1,ENABLED,DAILY_BUDGET,400,INR,5,0,0.0,0.0,,0.0,0,0,0.0,,,,,,0.0,,0.0,0,0.0,0
2026-07-06,209720014419991,SPM|Apron|Phrase|EV,No Portfolio,-1,PAUSED,DAILY_BUDGET,425,INR,4,0,0.0,0.0,,0.0,0,0,0.0,,,,,,0.0,,0.0,0,0.0,0
2026-07-04,385681463251727,SPM|PT|Starter Painting Fun Pack|EV,Finger Paints,159287746377553,ENABLED,DAILY_BUDGET,200,INR,123,0,0.0,0.0,,0.0,0,0,0.0,,,,,,0.0,,0.0,0,0.0,0
2026-07-05,263574403012949,SPM|Magic Paint Dust |Phrase|EV,No Portfolio,-1,PAUSED,DAILY_BUDGET,425,INR,73,0,0.0,0.0,,0.0,0,0,0.0,,,,,,0.0,,0.0,0,0.0,0
2026-07-05,157241051545486,SPM|Phrase|Glue|EV,No Portfolio,-1,PAUSED,DAILY_BUDGET,425,INR,12,0,0.0,0.0,,0.0,0,0,0.0,,,,,,0.0,,0.0,0,0.0,0
2026-07-04,145416888791707,SPM|PlayDough|CVR|Phrase|EV,No Portfolio,-1,ENABLED,DAILY_BUDGET,425,INR,39,2,5.1282,14.34,7.17,367.69,2,2,770.82,53.7531,1.8604,100.0,385.41,385.41,19.764615,7.17,3.37,0,0.0,0
2026-07-04,348337395626859,SD_On Competitors_EV,Finger Paints,159287746377553,PAUSED,DAILY_BUDGET,500,INR,71,0,0.0,0.0,,0.0,0,0,0.0,,,,,,0.0,,0.0,0,0.0,0
2026-07-06,24688243279829,SPM|Magic Paint Dust|Phrase|EV,No Portfolio,-1,PAUSED,DAILY_BUDGET,2000,INR,4092,35,0.8553,491.27,14.04,120.06,0,0,0.0,0.0,,0.0,,0.0,0.0,,24.56,0,0.0,0
2026-07-04,70447777015054,SPM|PlayDough | prime day |EV,No Portfolio,-1,ENABLED,DAILY_BUDGET,1000,INR,9407,68,0.7229,1053.28,15.49,111.97,1,1,571.19,0.5423,184.401,1.4706,571.19,8.4,0.06072,1053.28,105.33,0,0.0,0
2026-07-06,38374610858252,SPT|Finger paint|EV,No Portfolio,-1,ENABLED,DAILY_BUDGET,2000,INR,3724,77,2.0677,1416.06,18.39,380.25,9,9,4683.9,3.3077,30.2325,11.6883,520.43,60.83,1.25776,157.34,70.8,0,0.0,0
2026-07-04,116531586885885,SPT||B0CV17BBLG|Market Basket Analysis|EV,No Portfolio,-1,ENABLED,DAILY_BUDGET,400,INR,7,0,0.0,0.0,,0.0,0,0,0.0,,,,,,0.0,,0.0,0,0.0,0
2026-07-05,154358744913062,SPM|Exact|Playdough|EV,No Portfolio,-1,ENABLED,DAILY_BUDGET,1300,INR,4627,38,0.8213,818.77,21.55,176.95,4,4,2637.75,3.2216,31.0405,10.5263,659.44,69.41,0.570078,204.69,62.98,0,0.0,0
2026-07-04,545131917929283,SP_PT_Finger Paint_Alternate Purchase,Finger Paints,159287746377553,PAUSED,DAILY_BUDGET,300,INR,8,0,0.0,0.0,,0.0,0,0,0.0,,,,,,0.0,,0.0,0,0.0,0
2026-07-06,466236606443209,SD|PT|FingerPaints|EV,Finger Paints,159287746377553,ENABLED,DAILY_BUDGET,500,INR,1746,2,0.1145,87.51,43.76,50.12,0,1,420.34,4.8033,20.8189,0.0,,210.17,0.240745,,17.5,1,420.34,1
2026-07-04,466236606443209,SD|PT|FingerPaints|EV,Finger Paints,159287746377553,ENABLED,DAILY_BUDGET,500,INR,1748,3,0.1716,69.82,23.27,39.94,0,1,420.34,6.0203,16.6104,0.0,,140.11,0.240469,,13.96,1,420.34,1
2026-07-05,31773483456440,SPM|Phrase|MixASIN|2|EV,No Portfolio,-1,ENABLED,DAILY_BUDGET,850,INR,2517,11,0.437,126.92,11.54,50.43,3,3,1765.25,13.9084,7.1899,27.2727,588.42,160.48,0.701331,42.31,14.93,0,0.0,0
2026-07-06,83950023728403,SPM|Phrase|My ABC Trace & Colour Kit |EV,No Portfolio,-1,ENABLED,DAILY_BUDGET,425,INR,42,1,2.381,13.96,13.96,332.38,0,0,0.0,0.0,,0.0,,0.0,0.0,,3.28,0,0.0,0
2026-07-06,82853388149346,Spt comp | PepPlay Store | playdough | ev,No Portfolio,-1,ENABLED,DAILY_BUDGET,1000,INR,5116,42,0.821,440.62,10.49,86.13,5,5,2138.13,4.8525,20.6077,11.9048,427.63,50.91,0.41793,88.12,44.06,0,0.0,0
2026-07-04,444606167193508,SP|PT|B096WGCRL3|Comp|EV,MIX,97346527170228,PAUSED,DAILY_BUDGET,300,INR,19,0,0.0,0.0,,0.0,0,0,0.0,,,,,,0.0,,0.0,0,0.0,0
2026-07-05,478799210489673,SPA_Combos_brush_evits,Brush,193601647018990,PAUSED,DAILY_BUDGET,200,INR,3717,10,0.269,43.65,4.36,11.74,0,0,0.0,0.0,,0.0,,0.0,0.0,,21.82,0,0.0,0
2026-07-05,58249036949135,SPT|FingerPaint|BRS-1|EV,No Portfolio,-1,ENABLED,DAILY_BUDGET,425,INR,3656,17,0.465,275.01,16.18,75.22,0,0,0.0,0.0,,0.0,,0.0,0.0,,64.71,0,0.0,0
2026-07-04,137579869166904,SD|PT|Self|EV,No Portfolio,-1,PAUSED,DAILY_BUDGET,500,INR,1120,3,0.2679,41.55,13.85,37.1,0,0,0.0,0.0,,0.0,,0.0,0.0,,8.31,0,0.0,0
2026-07-04,11899110441208,SPM|Exact|B07T516S4Y|EV,No Portfolio,-1,ENABLED,DAILY_BUDGET,500,INR,69,4,5.7971,85.35,21.34,1236.96,1,1,350.48,4.1064,24.3523,25.0,350.48,87.62,5.07942,85.35,17.07,0,0.0,0
2026-07-04,231753058693712,SPT|Finger Paints|Comp|EV,Finger Paints,159287746377553,ENABLED,DAILY_BUDGET,900,INR,936,5,0.5342,89.74,17.95,95.88,0,0,0.0,0.0,,0.0,,0.0,0.0,,9.97,0,0.0,0
2026-07-05,229223862032756,sd | view remarketing | ev,No Portfolio,-1,PAUSED,DAILY_BUDGET,800,INR,13577,26,0.1915,630.02,24.23,46.4,1,1,422.88,0.6712,148.9832,3.8462,422.88,16.26,0.031147,630.02,78.75,1,422.88,1
2026-07-04,62185874403739,SPT|B0B1DT53X9|Market Basket Analysis||EV,No Portfolio,-1,ENABLED,DAILY_BUDGET,350,INR,5,0,0.0,0.0,,0.0,0,0,0.0,,,,,,0.0,,0.0,0,0.0,0
2026-07-04,202985626991089,SPT|Colouring Page||EV,No Portfolio,-1,PAUSED,DAILY_BUDGET,425,INR,43,1,2.3256,14.31,14.31,332.79,0,0,0.0,0.0,,0.0,,0.0,0.0,,3.37,0,0.0,0
2026-07-04,11947950277185,SPT|Brush Set||EV,No Portfolio,-1,ENABLED,DAILY_BUDGET,500,INR,552,6,1.087,73.87,12.31,133.82,3,5,1933.88,26.1795,3.8198,50.0,644.63,322.31,3.503406,24.62,14.77,0,0.0,0
2026-07-04,126579192462464,spt | comp | Funskool Store | ev,No Portfolio,-1,PAUSED,DAILY_BUDGET,300,INR,32,3,9.375,47.85,15.95,1495.31,0,0,0.0,0.0,,0.0,,0.0,0.0,,15.95,0,0.0,0
2026-07-04,209741811421198,SD|Audiences likely to be interested in your ad|EV,No Portfolio,-1,PAUSED,DAILY_BUDGET,400,INR,14092,12,0.0852,50.51,4.21,3.58,0,0,0.0,0.0,,0.0,,0.0,0.0,,12.63,0,0.0,0
2026-07-04,136510731780676,SPT COMP | EXACT | CRAYONS FABER | EV,No Portfolio,-1,ENABLED,DAILY_BUDGET,800,INR,1079,18,1.6682,213.78,11.88,198.13,2,2,700.96,3.2789,30.4982,11.1111,350.48,38.94,0.649639,106.89,26.72,0,0.0,0
2026-07-06,346831860454384,SPA|Loose|fEV,MIX,97346527170228,PAUSED,DAILY_BUDGET,500,INR,8747,18,0.2058,69.98,3.89,8.0,0,0,0.0,0.0,,0.0,,0.0,0.0,,14.0,0,0.0,0
2026-07-05,24070394726923,SPM | phrase | Playdough | ev,No Portfolio,-1,ENABLED,DAILY_BUDGET,425,INR,120,1,0.8333,11.69,11.69,97.42,0,0,0.0,0.0,,0.0,,0.0,0.0,,2.75,0,0.0,0
2026-07-05,167306344691053,SPM | phrase | Finger paint  mix | ev,No Portfolio,-1,ENABLED,DAILY_BUDGET,425,INR,56,1,1.7857,22.31,22.31,398.39,0,0,0.0,0.0,,0.0,,0.0,0.0,,5.25,0,0.0,0
2026-07-06,257572073641830,SPM|Broad|Brush Set|EV,No Portfolio,-1,ENABLED,DAILY_BUDGET,500,INR,1343,20,1.4892,345.4,17.27,257.19,2,2,1394.26,4.0367,24.773,10.0,697.13,69.71,1.038168,172.7,69.08,0,0.0,0
2026-07-06,250329551530843,SPM|Exact|EV|B07T516S4Y|EV,No Portfolio,-1,PAUSED,DAILY_BUDGET,500,INR,0,0,,0.0,,,0,0,0.0,,,,,,,,0.0,0,0.0,0
2026-07-05,52854135853657,SB|Banner|PlayDough|EV,No Portfolio,-1,ENABLED,DAILY_BUDGET,500,INR,2959,17,0.5745,88.59,5.21,29.94,3,3,1405.93,15.8701,6.3012,17.6471,468.64,82.7,0.475137,29.53,17.72,3,1405.93,3
2026-07-05,302790106560286,SBV|Starter Painting Fun Pack|EV,Finger Paints,159287746377553,ENABLED,DAILY_BUDGET,1400,INR,1692,13,0.7683,79.49,6.11,46.98,0,0,0.0,0.0,,0.0,,0.0,0.0,,5.68,0,0.0,0
2026-07-04,527177961058816,SPM finger Paints KW/Broad Evits,Finger Paints,159287746377553,ENABLED,DAILY_BUDGET,2000,INR,8770,44,0.5017,1026.97,23.34,117.1,7,7,3669.81,3.5734,27.9843,15.9091,524.26,83.4,0.41845,146.71,51.35,0,0.0,0
2026-07-04,91048989197574,SPM | PHRASE | FLIP FLAP | EV,No Portfolio,-1,PAUSED,DAILY_BUDGET,400,INR,9,0,0.0,0.0,,0.0,0,0,0.0,,,,,,0.0,,0.0,0,0.0,0
2026-07-06,465006842425907,SPA_Close_Jupiter Sale,MIX,97346527170228,PAUSED,DAILY_BUDGET,350,INR,4189,13,0.3103,108.17,8.32,25.82,0,0,0.0,0.0,,0.0,,0.0,0.0,,30.91,0,0.0,0
2026-07-04,473350929501931,SPT|Self|Crayon|EV,Crayons EV,168785445729730,ENABLED,DAILY_BUDGET,1400,INR,297,6,2.0202,44.72,7.45,150.57,0,0,0.0,0.0,,0.0,,0.0,0.0,,3.19,0,0.0,0
2026-07-06,40728313544829,sd | purchase remarketing | ev,No Portfolio,-1,ENABLED,DAILY_BUDGET,1000,INR,135,1,0.7407,6.59,6.59,48.81,0,0,0.0,0.0,,0.0,,0.0,0.0,,0.66,0,0.0,0
2026-07-05,558169419315915,SPM|Stencil|BrandedKWPhrase|EV,Stencil,136092957990149,ENABLED,DAILY_BUDGET,300,INR,12,0,0.0,0.0,,0.0,0,0,0.0,,,,,,0.0,,0.0,0,0.0,0
2026-07-04,188043233089821,SPM | PHRASE | APRON | EV,No Portfolio,-1,ENABLED,DAILY_BUDGET,450,INR,20,0,0.0,0.0,,0.0,0,0,0.0,,,,,,0.0,,0.0,0,0.0,0
2026-07-06,271054170893709,SPM|Exaxt|Bubble|EV,No Portfolio,-1,PAUSED,DAILY_BUDGET,425,INR,1,0,0.0,0.0,,0.0,0,0,0.0,,,,,,0.0,,0.0,0,0.0,0
2026-07-05,486570888420330,SPT|Bubble|Comp|EV,Bubbles EV,107518603985453,ENABLED,DAILY_BUDGET,500,INR,29,0,0.0,0.0,,0.0,0,0,0.0,,,,,,0.0,,0.0,0,0.0,0
2026-07-04,35955913989064,SPM|Phrase | prime day |MixASIN-1|EV,No Portfolio,-1,ENABLED,DAILY_BUDGET,2000,INR,25067,64,0.2553,1997.29,31.21,79.68,4,4,1977.67,0.9902,100.9921,6.25,494.42,30.9,0.078895,499.32,99.86,0,0.0,0
2026-07-04,129285683076529,SPM|Phase|Crayon|EV,No Portfolio,-1,PAUSED,DAILY_BUDGET,800,INR,17,1,5.8824,21.4,21.4,1258.82,0,0,0.0,0.0,,0.0,,0.0,0.0,,2.68,0,0.0,0
2026-07-04,59867277809947,SPM | Finger Paint Defensive KWs |--Evits,Finger Paints,159287746377553,ENABLED,DAILY_BUDGET,700,INR,1696,5,0.2948,69.11,13.82,40.75,0,0,0.0,0.0,,0.0,,0.0,0.0,,9.87,0,0.0,0
2026-07-06,148717529917684,SPM|Sensory Rice Kit |EV,No Portfolio,-1,PAUSED,DAILY_BUDGET,425,INR,311,5,1.6077,32.88,6.58,105.72,0,0,0.0,0.0,,0.0,,0.0,0.0,,7.74,0,0.0,0
2026-07-05,136510731780676,SPT COMP | EXACT | CRAYONS FABER | EV,No Portfolio,-1,ENABLED,DAILY_BUDGET,800,INR,603,22,3.6484,255.29,11.6,423.37,0,0,0.0,0.0,,0.0,,0.0,0.0,,31.91,0,0.0,0
2026-07-04,168704135322778,SD VCPM finger paints Loop,Finger Paints,159287746377553,PAUSED,DAILY_BUDGET,500,INR,3331,13,0.3903,175.12,13.47,52.57,0,0,0.0,0.0,,0.0,,0.0,0.0,,35.02,0,0.0,0
2026-07-06,256413311197457,SPM | PHRASE | Preschool art and craft kit | EV,No Portfolio,-1,ENABLED,DAILY_BUDGET,350,INR,1142,3,0.2627,21.37,7.12,18.71,0,0,0.0,0.0,,0.0,,0.0,0.0,,6.11,0,0.0,0
2026-07-04,83950023728403,SPM|Phrase|My ABC Trace & Colour Kit |EV,No Portfolio,-1,ENABLED,DAILY_BUDGET,425,INR,38,0,0.0,0.0,,0.0,0,0,0.0,,,,,,0.0,,0.0,0,0.0,0
2026-07-06,129312139789794,SPM|Exact|FingerPaing|EV,No Portfolio,-1,PAUSED,DAILY_BUDGET,425,INR,5,0,0.0,0.0,,0.0,0,0,0.0,,,,,,0.0,,0.0,0,0.0,0
2026-07-05,113910544363369,SPT|B0CV1653HN|Market Basket Analysis|EV,No Portfolio,-1,ENABLED,DAILY_BUDGET,350,INR,3,0,0.0,0.0,,0.0,0,0,0.0,,,,,,0.0,,0.0,0,0.0,0
2026-07-04,346140415952893,SPT| TopAsin |EV,MIX,97346527170228,ENABLED,DAILY_BUDGET,500,INR,58,0,0.0,0.0,,0.0,0,0,0.0,,,,,,0.0,,0.0,0,0.0,0
2026-07-05,376909993254211,SPM|Exact|Crayon|Search Performance|EV,Crayons EV,168785445729730,PAUSED,DAILY_BUDGET,200,INR,71,0,0.0,0.0,,0.0,0,0,0.0,,,,,,0.0,,0.0,0,0.0,0
2026-07-04,433162632308333,SPM|FingerPaints|CompKW|EV,Finger Paints,159287746377553,PAUSED,DAILY_BUDGET,2500,INR,2645,6,0.2268,75.14,12.52,28.41,0,0,0.0,0.0,,0.0,,0.0,0.0,,3.01,0,0.0,0
2026-07-06,233255998804250,SPM | COMP | THOOVI | FINGERPAINT | EV,No Portfolio,-1,ENABLED,DAILY_BUDGET,400,INR,2,0,0.0,0.0,,0.0,0,0,0.0,,,,,,0.0,,0.0,0,0.0,0
2026-07-04,52854135853657,SB|Banner|PlayDough|EV,No Portfolio,-1,ENABLED,DAILY_BUDGET,500,INR,6013,26,0.4324,123.53,4.75,20.54,1,1,560.17,4.5347,22.0522,3.8462,560.17,21.54,0.09316,123.53,24.71,1,560.17,1
2026-07-05,207071411420152,spt comp | exact | doms crayons | ev,No Portfolio,-1,ENABLED,DAILY_BUDGET,200,INR,0,0,,0.0,,,0,0,0.0,,,,,,,,0.0,0,0.0,0
2026-07-05,312963056484974,SPCT | Refine | Finger Paint | EV,Finger Paints,159287746377553,PAUSED,DAILY_BUDGET,1500,INR,139,1,0.7194,9.96,9.96,71.65,0,0,0.0,0.0,,0.0,,0.0,0.0,,0.66,0,0.0,0
2026-07-04,160598947008435,SPT|Bubble|EV,No Portfolio,-1,ENABLED,DAILY_BUDGET,425,INR,2753,11,0.3996,152.64,13.88,55.44,2,2,1157.08,7.5805,13.1918,18.1818,578.54,105.19,0.420298,76.32,35.92,0,0.0,0
2026-07-05,152650728261797,SPT|Sensory Rice Kit |EV,No Portfolio,-1,ENABLED,DAILY_BUDGET,425,INR,354,8,2.2599,70.58,8.82,199.38,0,0,0.0,0.0,,0.0,,0.0,0.0,,16.61,0,0.0,0
2026-07-05,132208059278681,SPT|B09WMGR9M8|Market Basket Analysis|EV,No Portfolio,-1,ENABLED,DAILY_BUDGET,425,INR,352,8,2.2727,87.59,10.95,248.84,1,1,327.62,3.7404,26.7352,12.5,327.62,40.95,0.930739,87.59,20.61,0,0.0,0
2026-07-06,29101152381537,SPM|Crayon|Broad|High|IS|EV,No Portfolio,-1,ENABLED,DAILY_BUDGET,425,INR,1655,20,1.2085,328.65,16.43,198.58,0,0,0.0,0.0,,0.0,,0.0,0.0,,77.33,0,0.0,0
2026-07-04,31773483456440,SPM|Phrase|MixASIN|2|EV,No Portfolio,-1,ENABLED,DAILY_BUDGET,850,INR,4457,14,0.3141,130.31,9.31,29.24,1,1,409.52,3.1427,31.8202,7.1429,409.52,29.25,0.091882,130.31,15.33,0,0.0,0
2026-07-05,278209549281730,SBV|B0FMFR1ZVN|NewPlayDough|EV,No Portfolio,-1,PAUSED,DAILY_BUDGET,500,INR,702,4,0.5698,49.88,12.47,71.05,1,1,431.36,8.648,11.5634,25.0,431.36,107.84,0.614473,49.88,9.98,1,431.36,1
2026-07-04,465006842425907,SPA_Close_Jupiter Sale,MIX,97346527170228,PAUSED,DAILY_BUDGET,350,INR,5006,14,0.2797,105.5,7.54,21.07,0,0,0.0,0.0,,0.0,,0.0,0.0,,30.14,0,0.0,0
2026-07-05,234611538259472,SBV|MagicPaint|Test|EV,No Portfolio,-1,ENABLED,DAILY_BUDGET,1000,INR,53,0,0.0,0.0,,0.0,0,0,0.0,,,,,,0.0,,0.0,0,0.0,0
2026-07-05,514027701504449,SPA | Bubble Magic | EV,Bubbles EV,107518603985453,ENABLED,DAILY_BUDGET,300,INR,713,1,0.1403,8.16,8.16,11.44,0,0,0.0,0.0,,0.0,,0.0,0.0,,2.72,0,0.0,0
2026-07-04,89457641769816,SPM||Finger paint|Phrase|EV,No Portfolio,-1,ENABLED,DAILY_BUDGET,3000,INR,8625,74,0.858,1330.65,17.98,154.28,8,8,4135.99,3.1082,32.1725,10.8108,517.0,55.89,0.479535,166.33,44.36,0,0.0,0
2026-07-04,256413311197457,SPM | PHRASE | Preschool art and craft kit | EV,No Portfolio,-1,ENABLED,DAILY_BUDGET,350,INR,964,4,0.4149,30.48,7.62,31.62,0,0,0.0,0.0,,0.0,,0.0,0.0,,8.71,0,0.0,0
2026-07-06,176506582166182,spt | comp | FunBlast Store | ev,No Portfolio,-1,ENABLED,DAILY_BUDGET,300,INR,1,0,0.0,0.0,,0.0,0,0,0.0,,,,,,0.0,,0.0,0,0.0,0
2026-07-05,433162632308333,SPM|FingerPaints|CompKW|EV,Finger Paints,159287746377553,PAUSED,DAILY_BUDGET,2500,INR,4624,9,0.1946,108.11,12.01,23.38,1,1,420.34,3.8881,25.7197,11.1111,420.34,46.7,0.090904,108.11,4.32,0,0.0,0
2026-07-06,433162632308333,SPM|FingerPaints|CompKW|EV,Finger Paints,159287746377553,PAUSED,DAILY_BUDGET,2500,INR,1482,8,0.5398,97.05,12.13,65.49,1,1,420.34,4.3312,23.0885,12.5,420.34,52.54,0.28363,97.05,3.88,0,0.0,0
2026-07-05,193548631172297,SD audience tgt on finger paints - 3 colours,No Portfolio,-1,PAUSED,DAILY_BUDGET,300,INR,1077,1,0.0929,0.06,0.06,0.06,0,0,0.0,0.0,,0.0,,0.0,0.0,,0.02,0,0.0,0
2026-07-06,11899110441208,SPM|Exact|B07T516S4Y|EV,No Portfolio,-1,ENABLED,DAILY_BUDGET,500,INR,139,4,2.8777,102.89,25.72,740.22,0,0,0.0,0.0,,0.0,,0.0,0.0,,20.58,0,0.0,0
2026-07-05,129312139789794,SPM|Exact|FingerPaing|EV,No Portfolio,-1,PAUSED,DAILY_BUDGET,425,INR,15,0,0.0,0.0,,0.0,0,0,0.0,,,,,,0.0,,0.0,0,0.0,0
2026-07-06,236659227709469,SPM|Phrase Dabble|B07T516S4Y|EV,No Portfolio,-1,ENABLED,DAILY_BUDGET,500,INR,128,0,0.0,0.0,,0.0,0,0,0.0,,,,,,0.0,,0.0,0,0.0,0
2026-07-05,83950023728403,SPM|Phrase|My ABC Trace & Colour Kit |EV,No Portfolio,-1,ENABLED,DAILY_BUDGET,425,INR,51,0,0.0,0.0,,0.0,0,0,0.0,,,,,,0.0,,0.0,0,0.0,0
2026-07-06,247280254067186,SPT|Magic paint Dust|Lattooland|EV,No Portfolio,-1,ENABLED,DAILY_BUDGET,1000,INR,511,31,6.0665,561.94,18.13,1099.69,6,6,3574.76,6.3615,15.7197,19.3548,595.79,115.31,6.995616,93.66,56.19,0,0.0,0
2026-07-06,265370402119116,SPM|finger paint|B0CTHWVRJY|EV,No Portfolio,-1,ENABLED,DAILY_BUDGET,425,INR,201,5,2.4876,105.03,21.01,522.54,1,1,420.34,4.0021,24.9869,20.0,420.34,84.07,2.091244,105.03,24.71,0,0.0,0
2026-07-04,283803922216826,SD|PT|Reach|EV,MIX,97346527170228,PAUSED,DAILY_BUDGET,500,INR,2348,7,0.2981,91.34,13.05,38.9,1,1,560.16,6.1327,16.3061,14.2857,560.16,80.02,0.238569,91.34,18.27,1,560.16,1
2026-07-06,529319334663227,SPM finger Paints KW/Phrase evits,Finger Paints,159287746377553,PAUSED,DAILY_BUDGET,200,INR,70,1,1.4286,16.55,16.55,236.43,0,0,0.0,0.0,,0.0,,0.0,0.0,,8.28,0,0.0,0
2026-07-04,291837356167536,ST CT | Flip Flap | EV,Flip Flap,2748744653088,PAUSED,DAILY_BUDGET,525,INR,539,1,0.1855,4.91,4.91,9.11,0,0,0.0,0.0,,0.0,,0.0,0.0,,0.94,0,0.0,0
2026-07-04,346831860454384,SPA|Loose|fEV,MIX,97346527170228,PAUSED,DAILY_BUDGET,500,INR,7593,5,0.0659,20.71,4.14,2.73,0,0,0.0,0.0,,0.0,,0.0,0.0,,4.14,0,0.0,0
2026-07-06,417778091214825,SPM Crayon kw/phrase evits,Crayons EV,168785445729730,PAUSED,DAILY_BUDGET,1500,INR,209,1,0.4785,9.9,9.9,47.37,0,0,0.0,0.0,,0.0,,0.0,0.0,,0.66,0,0.0,0
2026-07-05,194327606444428,SPT|All in one paint kit|EV,No Portfolio,-1,ENABLED,DAILY_BUDGET,800,INR,341,7,2.0528,65.83,9.4,193.05,0,0,0.0,0.0,,0.0,,0.0,0.0,,8.23,0,0.0,0
2026-07-04,195915006483249,SB|StoreFront|EV,No Portfolio,-1,ENABLED,DAILY_BUDGET,1000,INR,601,10,1.6639,307.5,30.75,511.65,3,3,1582.1,5.145,19.4362,30.0,527.37,158.21,2.632446,102.5,30.75,0,0.0,0
2026-07-06,248653071304451,SPM|Combos|EV,No Portfolio,-1,PAUSED,DAILY_BUDGET,800,INR,3,0,0.0,0.0,,0.0,0,0,0.0,,,,,,0.0,,0.0,0,0.0,0
2026-07-05,168704135322778,SD VCPM finger paints Loop,Finger Paints,159287746377553,PAUSED,DAILY_BUDGET,500,INR,4108,12,0.2921,208.43,17.37,50.74,1,1,846.61,4.0618,24.6194,8.3333,846.61,70.55,0.206088,208.43,41.69,0,0.0,0
2026-07-04,121649176852077,SPM|LowImpression|PlayDough|EV,No Portfolio,-1,PAUSED,DAILY_BUDGET,425,INR,941,6,0.6376,84.96,14.16,90.29,0,0,0.0,0.0,,0.0,,0.0,0.0,,19.99,0,0.0,0
2026-07-05,260740121954175,SPM|Crayon|Phrase|EV,No Portfolio,-1,ENABLED,DAILY_BUDGET,800,INR,2222,13,0.5851,229.21,17.63,103.15,0,0,0.0,0.0,,0.0,,0.0,0.0,,28.65,0,0.0,0
2026-07-05,514020847273341,SPM|Exact|PlayDough|1EV,Play Dough,35432676096043,PAUSED,DAILY_BUDGET,500,INR,186,1,0.5376,11.73,11.73,63.06,0,0,0.0,0.0,,0.0,,0.0,0.0,,2.35,0,0.0,0
2026-07-05,71699999463624,SPT|B0CTHWVRJY|Market Basket Analysis|EV,No Portfolio,-1,ENABLED,DAILY_BUDGET,750,INR,353,3,0.8499,47.06,15.69,133.31,0,0,0.0,0.0,,0.0,,0.0,0.0,,6.27,0,0.0,0
2026-07-04,253109416973395,SPT|FingerPaint|New|EV,No Portfolio,-1,PAUSED,DAILY_BUDGET,800,INR,27,0,0.0,0.0,,0.0,0,0,0.0,,,,,,0.0,,0.0,0,0.0,0
2026-07-05,298366136066434,SPM Brand KW/exact evits,MIX,97346527170228,PAUSED,DAILY_BUDGET,450,INR,4,0,0.0,0.0,,0.0,0,0,0.0,,,,,,0.0,,0.0,0,0.0,0
2026-07-06,283803922216826,SD|PT|Reach|EV,MIX,97346527170228,PAUSED,DAILY_BUDGET,500,INR,2942,2,0.068,116.62,58.31,39.64,0,0,0.0,0.0,,0.0,,0.0,0.0,,23.32,0,0.0,0
2026-07-05,176679979170193,SPM | PHRASE | Hand and Foot Print Kit | EV,No Portfolio,-1,ENABLED,DAILY_BUDGET,400,INR,1062,9,0.8475,52.82,5.87,49.74,1,1,517.14,9.7906,10.2139,11.1111,517.14,57.46,0.486949,52.82,13.2,0,0.0,0
2026-07-04,456114220616727,SPT|Doms Finger Paints|EV,Finger Paints,159287746377553,PAUSED,DAILY_BUDGET,1700,INR,1,0,0.0,0.0,,0.0,0,0,0.0,,,,,,0.0,,0.0,0,0.0,0
2026-07-06,279062816688209,SPM | PHRASE | CRAYON | EV,No Portfolio,-1,ENABLED,DAILY_BUDGET,400,INR,2123,10,0.471,59.61,5.96,28.08,0,0,0.0,0.0,,0.0,,0.0,0.0,,14.9,0,0.0,0
2026-07-04,383333671737797,SPM | Phrase | Finger Paint | Toddler KW | EV,Finger Paints,159287746377553,ENABLED,DAILY_BUDGET,300,INR,386,3,0.7772,57.88,19.29,149.95,0,0,0.0,0.0,,0.0,,0.0,0.0,,19.29,0,0.0,0
2026-07-04,233255998804250,SPM | COMP | THOOVI | FINGERPAINT | EV,No Portfolio,-1,ENABLED,DAILY_BUDGET,400,INR,3,0,0.0,0.0,,0.0,0,0,0.0,,,,,,0.0,,0.0,0,0.0,0
2026-07-06,107307762064699,sbv | pt comp | sensory play dough | ev,No Portfolio,-1,PAUSED,DAILY_BUDGET,300,INR,34,0,0.0,0.0,,0.0,0,0,0.0,,,,,,0.0,,0.0,0,0.0,0
2026-07-04,53195916546472,SB|Banner | prime day |FingerPaint|EV,No Portfolio,-1,ENABLED,DAILY_BUDGET,1000,INR,10901,72,0.6605,414.91,5.76,38.06,7,7,4064.39,9.7958,10.2084,9.7222,580.63,56.45,0.372846,59.27,41.49,4,2333.89,4
2026-07-05,150034018323158,SPT|B096WGCRL3|Market Basket Analysis|EV,No Portfolio,-1,ENABLED,DAILY_BUDGET,425,INR,4,0,0.0,0.0,,0.0,0,0,0.0,,,,,,0.0,,0.0,0,0.0,0
2026-07-04,544846735738819,SPM | Phrase | Painting Kit | EV,Finger Paints,159287746377553,ENABLED,DAILY_BUDGET,300,INR,3791,35,0.9232,251.71,7.19,66.4,1,1,474.29,1.8843,53.0709,2.8571,474.29,13.55,0.125109,251.71,83.9,0,0.0,0
2026-07-04,144096496718251,SPM | SELF PT | MIX ASIN | EV,No Portfolio,-1,PAUSED,DAILY_BUDGET,300,INR,7,0,0.0,0.0,,0.0,0,0,0.0,,,,,,0.0,,0.0,0,0.0,0
2026-07-04,274665725007226,SD|Crayon|EV,No Portfolio,-1,ENABLED,DAILY_BUDGET,500,INR,1212,3,0.2475,37.46,12.49,30.91,0,0,0.0,0.0,,0.0,,0.0,0.0,,7.49,0,0.0,0
2026-07-04,480922830906173,SPT|New Launch on Top|EV,MIX,97346527170228,ENABLED,DAILY_BUDGET,500,INR,94,0,0.0,0.0,,0.0,0,0,0.0,,,,,,0.0,,0.0,0,0.0,0
2026-07-06,53195916546472,SB|Banner | prime day |FingerPaint|EV,No Portfolio,-1,ENABLED,DAILY_BUDGET,1000,INR,8056,51,0.6331,367.0,7.2,45.56,4,4,1916.1,5.221,19.1535,7.8431,479.02,37.57,0.237848,91.75,36.7,4,1916.1,4
2026-07-06,132208059278681,SPT|B09WMGR9M8|Market Basket Analysis|EV,No Portfolio,-1,ENABLED,DAILY_BUDGET,425,INR,457,9,1.9694,94.84,10.54,207.53,1,1,327.62,3.4544,28.9482,11.1111,327.62,36.4,0.716893,94.84,22.32,0,0.0,0
2026-07-05,231753058693712,SPT|Finger Paints|Comp|EV,Finger Paints,159287746377553,ENABLED,DAILY_BUDGET,900,INR,886,12,1.3544,187.89,15.66,212.07,0,0,0.0,0.0,,0.0,,0.0,0.0,,20.88,0,0.0,0
2026-07-04,457849298361429,SPT|FingerPaints|Comp|EV,Finger Paints,159287746377553,ENABLED,DAILY_BUDGET,1800,INR,136,1,0.7353,4.06,4.06,29.85,0,0,0.0,0.0,,0.0,,0.0,0.0,,0.23,0,0.0,0
2026-07-05,527177961058816,SPM finger Paints KW/Broad Evits,Finger Paints,159287746377553,ENABLED,DAILY_BUDGET,2000,INR,13909,58,0.417,1575.09,27.16,113.24,1,1,420.34,0.2669,374.7181,1.7241,420.34,7.25,0.030221,1575.09,78.75,0,0.0,0
2026-07-05,91048989197574,SPM | PHRASE | FLIP FLAP | EV,No Portfolio,-1,PAUSED,DAILY_BUDGET,400,INR,22,0,0.0,0.0,,0.0,0,0,0.0,,,,,,0.0,,0.0,0,0.0,0
2026-07-06,129285683076529,SPM|Phase|Crayon|EV,No Portfolio,-1,PAUSED,DAILY_BUDGET,800,INR,4,0,0.0,0.0,,0.0,0,0,0.0,,,,,,0.0,,0.0,0,0.0,0
2026-07-04,281300911958416,SPM|Exact|FingerPaint|New|EV,No Portfolio,-1,ENABLED,DAILY_BUDGET,425,INR,21,0,0.0,0.0,,0.0,0,0,0.0,,,,,,0.0,,0.0,0,0.0,0
2026-07-05,202985626991089,SPT|Colouring Page||EV,No Portfolio,-1,PAUSED,DAILY_BUDGET,425,INR,331,6,1.8127,73.55,12.26,222.21,0,0,0.0,0.0,,0.0,,0.0,0.0,,17.31,0,0.0,0
2026-07-06,558169419315915,SPM|Stencil|BrandedKWPhrase|EV,Stencil,136092957990149,ENABLED,DAILY_BUDGET,300,INR,18,0,0.0,0.0,,0.0,0,0,0.0,,,,,,0.0,,0.0,0,0.0,0
2026-07-04,263574403012949,SPM|Magic Paint Dust |Phrase|EV,No Portfolio,-1,PAUSED,DAILY_BUDGET,425,INR,116,0,0.0,0.0,,0.0,0,0,0.0,,,,,,0.0,,0.0,0,0.0,0
2026-07-06,544846735738819,SPM | Phrase | Painting Kit | EV,Finger Paints,159287746377553,ENABLED,DAILY_BUDGET,300,INR,1879,11,0.5854,78.35,7.12,41.7,0,0,0.0,0.0,,0.0,,0.0,0.0,,26.12,0,0.0,0
2026-07-05,401811448251433,SPT|Dino|Stencil DIY |EV,Stencil,136092957990149,PAUSED,DAILY_BUDGET,500,INR,3,0,0.0,0.0,,0.0,0,0,0.0,,,,,,0.0,,0.0,0,0.0,0
2026-07-04,140982265020090,SPT|B07T2W496G|Market Basket Analysis|EV,No Portfolio,-1,PAUSED,DAILY_BUDGET,350,INR,3,0,0.0,0.0,,0.0,0,0,0.0,,,,,,0.0,,0.0,0,0.0,0
2026-07-06,123352051178567,SPM|HighImpression|FingerPaint|EV,No Portfolio,-1,PAUSED,DAILY_BUDGET,425,INR,6,0,0.0,0.0,,0.0,0,0,0.0,,,,,,0.0,,0.0,0,0.0,0
2026-07-06,126579192462464,spt | comp | Funskool Store | ev,No Portfolio,-1,PAUSED,DAILY_BUDGET,300,INR,9,0,0.0,0.0,,0.0,0,0,0.0,,,,,,0.0,,0.0,0,0.0,0
2026-07-04,278209549281730,SBV|B0FMFR1ZVN|NewPlayDough|EV,No Portfolio,-1,PAUSED,DAILY_BUDGET,500,INR,723,4,0.5533,46.09,11.52,63.75,0,0,0.0,0.0,,0.0,,0.0,0.0,,9.22,0,0.0,0
2026-07-04,121128522600745,SPT|Crayon|EV,No Portfolio,-1,PAUSED,DAILY_BUDGET,1000,INR,1462,3,0.2052,46.7,15.57,31.94,0,0,0.0,0.0,,0.0,,0.0,0.0,,4.67,0,0.0,0
2026-07-04,234981482573654,SPT|B0B1DT53X9|Market Basket Analysis|EV,No Portfolio,-1,PAUSED,DAILY_BUDGET,350,INR,1,0,0.0,0.0,,0.0,0,0,0.0,,,,,,0.0,,0.0,0,0.0,0
2026-07-06,514020847273341,SPM|Exact|PlayDough|1EV,Play Dough,35432676096043,PAUSED,DAILY_BUDGET,500,INR,139,0,0.0,0.0,,0.0,0,0,0.0,,,,,,0.0,,0.0,0,0.0,0
2026-07-04,476068278695542,SPT|COMP|Starter Painting Fun Pack|EV,Finger Paints,159287746377553,ENABLED,DAILY_BUDGET,2500,INR,380,5,1.3158,88.25,17.65,232.24,0,0,0.0,0.0,,0.0,,0.0,0.0,,3.53,0,0.0,0
2026-07-06,255385106500028,SPT | COMP | BRUSH | EV,No Portfolio,-1,ENABLED,DAILY_BUDGET,450,INR,60,0,0.0,0.0,,0.0,0,0,0.0,,,,,,0.0,,0.0,0,0.0,0
2026-07-04,7902791986626,SBV | PT COMP | PLAYDOUGH KIT | EV,No Portfolio,-1,ENABLED,DAILY_BUDGET,300,INR,354,1,0.2825,8.44,8.44,23.84,0,0,0.0,0.0,,0.0,,0.0,0.0,,2.81,0,0.0,0
2026-07-05,117336351694168,SPM|B0CV1653HN|Phrase|EV,No Portfolio,-1,ENABLED,DAILY_BUDGET,600,INR,9,0,0.0,0.0,,0.0,0,0,0.0,,,,,,0.0,,0.0,0,0.0,0
2026-07-06,48634121504600,SPT|B09F3DTZDF|Market Basket Analysis|EV,No Portfolio,-1,ENABLED,DAILY_BUDGET,425,INR,5,0,0.0,0.0,,0.0,0,0,0.0,,,,,,0.0,,0.0,0,0.0,0
2026-07-05,129285683076529,SPM|Phase|Crayon|EV,No Portfolio,-1,PAUSED,DAILY_BUDGET,800,INR,14,0,0.0,0.0,,0.0,0,0,0.0,,,,,,0.0,,0.0,0,0.0,0
2026-07-06,151128051182679,SPM|Finger paint and brush|Phrase|EV,No Portfolio,-1,ENABLED,DAILY_BUDGET,425,INR,578,3,0.519,46.0,15.33,79.58,0,0,0.0,0.0,,0.0,,0.0,0.0,,10.82,0,0.0,0
2026-07-06,181618713453795,SPM|Exact-2|FingerPaint|EV,No Portfolio,-1,ENABLED,DAILY_BUDGET,425,INR,2,0,0.0,0.0,,0.0,0,0,0.0,,,,,,0.0,,0.0,0,0.0,0
2026-07-06,545131917929283,SP_PT_Finger Paint_Alternate Purchase,Finger Paints,159287746377553,PAUSED,DAILY_BUDGET,300,INR,155,0,0.0,0.0,,0.0,0,0,0.0,,,,,,0.0,,0.0,0,0.0,0
2026-07-04,113910544363369,SPT|B0CV1653HN|Market Basket Analysis|EV,No Portfolio,-1,ENABLED,DAILY_BUDGET,350,INR,1,0,0.0,0.0,,0.0,0,0,0.0,,,,,,0.0,,0.0,0,0.0,0
2026-07-05,203247723034269,SPM|FingerPaint|NewKW-1|EV,No Portfolio,-1,ENABLED,DAILY_BUDGET,500,INR,5834,35,0.5999,883.47,25.24,151.43,6,6,3515.14,3.9788,25.1333,17.1429,585.86,100.43,0.602527,147.24,176.69,0,0.0,0
2026-07-04,81595854226365,SPM|Colouring Page|EV,No Portfolio,-1,ENABLED,DAILY_BUDGET,425,INR,2740,5,0.1825,118.43,23.69,43.22,0,0,0.0,0.0,,0.0,,0.0,0.0,,27.87,0,0.0,0
2026-07-05,159756310600623,SPT|Colouring Page|EV,No Portfolio,-1,ENABLED,DAILY_BUDGET,600,INR,35,3,8.5714,34.24,11.41,978.29,0,0,0.0,0.0,,0.0,,0.0,0.0,,5.71,0,0.0,0
2026-07-05,384672449138272,SPM|Crayon|ToddlerKW|EV,Crayons EV,168785445729730,ENABLED,DAILY_BUDGET,600,INR,160,0,0.0,0.0,,0.0,0,0,0.0,,,,,,0.0,,0.0,0,0.0,0
2026-07-05,67520618520942,SPM|Phrase|Stencil|EV,Stencil,136092957990149,PAUSED,DAILY_BUDGET,400,INR,55,1,1.8182,4.37,4.37,79.45,0,0,0.0,0.0,,0.0,,0.0,0.0,,1.09,0,0.0,0
2026-07-05,257129658512024,SPM | PHRASE | GLUE | EV,No Portfolio,-1,ENABLED,DAILY_BUDGET,400,INR,18,0,0.0,0.0,,0.0,0,0,0.0,,,,,,0.0,,0.0,0,0.0,0
2026-07-06,343269127329807,SPM | Phrase | Bubble | EV,Bubbles EV,107518603985453,ENABLED,DAILY_BUDGET,300,INR,118,1,0.8475,7.95,7.95,67.37,0,0,0.0,0.0,,0.0,,0.0,0.0,,2.65,0,0.0,0
2026-07-06,240964410978689,SBV | COMP PT | SENSORY PLAYDOUGH | EV,No Portfolio,-1,ENABLED,DAILY_BUDGET,300,INR,2236,15,0.6708,195.68,13.05,87.51,2,2,910.65,4.6538,21.4879,13.3333,455.32,60.71,0.407267,97.84,65.23,2,910.65,2
2026-07-05,144096496718251,SPM | SELF PT | MIX ASIN | EV,No Portfolio,-1,PAUSED,DAILY_BUDGET,300,INR,1,0,0.0,0.0,,0.0,0,0,0.0,,,,,,0.0,,0.0,0,0.0,0
2026-07-04,444516563288243,SPT|PlayDough|Lattoland&PepPlay|EV,Play Dough,35432676096043,PAUSED,DAILY_BUDGET,500,INR,977,8,0.8188,81.15,10.14,83.06,0,0,0.0,0.0,,0.0,,0.0,0.0,,16.23,0,0.0,0
2026-07-05,207315628827658,SD|PT|TopASIN|EV,No Portfolio,-1,PAUSED,DAILY_BUDGET,1000,INR,54,0,0.0,0.0,,0.0,0,0,0.0,,,,,,0.0,,0.0,0,0.0,0
2026-07-06,195661823815868,SPT | COMP | FLIP FLAP | EV,No Portfolio,-1,PAUSED,DAILY_BUDGET,400,INR,48,0,0.0,0.0,,0.0,0,0,0.0,,,,,,0.0,,0.0,0,0.0,0
2026-07-06,260740121954175,SPM|Crayon|Phrase|EV,No Portfolio,-1,ENABLED,DAILY_BUDGET,800,INR,1302,10,0.768,144.71,14.47,111.14,1,1,390.48,2.6984,37.0595,10.0,390.48,39.05,0.299908,144.71,18.09,0,0.0,0
2026-07-04,422753227659504,SP_CT_Starter_fingerpaints_painting_EV,Finger Paints,159287746377553,PAUSED,DAILY_BUDGET,200,INR,1086,12,1.105,102.68,8.56,94.55,1,1,409.52,3.9883,25.0733,8.3333,409.52,34.13,0.37709,102.68,51.34,0,0.0,0
2026-07-04,470470482165433,SPM | Branded KW | New Launch | EV,Branded KWs,244185727769582,ENABLED,DAILY_BUDGET,1600,INR,1141,12,1.0517,106.07,8.84,92.96,0,0,0.0,0.0,,0.0,,0.0,0.0,,6.63,0,0.0,0
2026-07-04,298366136066434,SPM Brand KW/exact evits,MIX,97346527170228,PAUSED,DAILY_BUDGET,450,INR,4,0,0.0,0.0,,0.0,0,0,0.0,,,,,,0.0,,0.0,0,0.0,0
2026-07-05,284910278463143,SPPT|Brush|Comp|EV,Brush,193601647018990,ENABLED,DAILY_BUDGET,500,INR,73,1,1.3699,3.11,3.11,42.6,0,0,0.0,0.0,,0.0,,0.0,0.0,,0.62,0,0.0,0
2026-07-04,248653071304451,SPM|Combos|EV,No Portfolio,-1,PAUSED,DAILY_BUDGET,800,INR,10,0,0.0,0.0,,0.0,0,0,0.0,,,,,,0.0,,0.0,0,0.0,0
2026-07-06,140982265020090,SPT|B07T2W496G|Market Basket Analysis|EV,No Portfolio,-1,PAUSED,DAILY_BUDGET,350,INR,8,0,0.0,0.0,,0.0,0,0,0.0,,,,,,0.0,,0.0,0,0.0,0
2026-07-04,193548631172297,SD audience tgt on finger paints - 3 colours,No Portfolio,-1,PAUSED,DAILY_BUDGET,300,INR,823,4,0.486,19.67,4.92,23.9,0,0,0.0,0.0,,0.0,,0.0,0.0,,6.56,0,0.0,0
2026-07-04,486570888420330,SPT|Bubble|Comp|EV,Bubbles EV,107518603985453,ENABLED,DAILY_BUDGET,500,INR,29,1,3.4483,8.37,8.37,288.62,0,0,0.0,0.0,,0.0,,0.0,0.0,,1.67,0,0.0,0
2026-07-06,294032070490990,SPM_Non_toxic paints,Finger Paints,159287746377553,PAUSED,DAILY_BUDGET,400,INR,4,0,0.0,0.0,,0.0,0,0,0.0,,,,,,0.0,,0.0,0,0.0,0
2026-07-06,284910278463143,SPPT|Brush|Comp|EV,Brush,193601647018990,ENABLED,DAILY_BUDGET,500,INR,78,1,1.2821,9.12,9.12,116.92,0,0,0.0,0.0,,0.0,,0.0,0.0,,1.82,0,0.0,0
2026-07-05,175284729942534,SPT|Flip Flap|EV,No Portfolio,-1,PAUSED,DAILY_BUDGET,425,INR,12,0,0.0,0.0,,0.0,0,0,0.0,,,,,,0.0,,0.0,0,0.0,0
2026-07-05,34317093851237,SPT|Crayon||EV,No Portfolio,-1,ENABLED,DAILY_BUDGET,500,INR,456,2,0.4386,14.52,7.26,31.84,0,0,0.0,0.0,,0.0,,0.0,0.0,,2.9,0,0.0,0
2026-07-05,38374610858252,SPT|Finger paint|EV,No Portfolio,-1,ENABLED,DAILY_BUDGET,2000,INR,2864,60,2.095,1084.44,18.07,378.65,4,4,1897.34,1.7496,57.1558,6.6667,474.34,31.62,0.662479,271.11,54.22,0,0.0,0
2026-07-04,531233961055732,SPCT | Paint Brush | EV,Brush,193601647018990,PAUSED,DAILY_BUDGET,200,INR,99,0,0.0,0.0,,0.0,0,0,0.0,,,,,,0.0,,0.0,0,0.0,0
2026-07-05,82534089099489,SPM | Phrase KWs tgrt |--Evits,Finger Paints,159287746377553,ENABLED,DAILY_BUDGET,700,INR,8338,26,0.3118,524.43,20.17,62.9,1,1,517.14,0.9861,101.4097,3.8462,517.14,19.89,0.062022,524.43,74.92,0,0.0,0
2026-07-06,376052058590065,SPT| Starter Painting Fun Pack|EV,Finger Paints,159287746377553,PAUSED,DAILY_BUDGET,925,INR,73,2,2.7397,23.2,11.6,317.81,0,0,0.0,0.0,,0.0,,0.0,0.0,,2.51,0,0.0,0
2026-07-05,42470785252011,SPM | PHRASE | FINGER PAIND AND BRUSH | EV,No Portfolio,-1,PAUSED,DAILY_BUDGET,400,INR,789,4,0.507,28.88,7.22,36.6,0,0,0.0,0.0,,0.0,,0.0,0.0,,7.22,0,0.0,0
2026-07-05,89457641769816,SPM||Finger paint|Phrase|EV,No Portfolio,-1,ENABLED,DAILY_BUDGET,3000,INR,3622,27,0.7454,385.45,14.28,106.42,4,4,1961.29,5.0883,19.6529,14.8148,490.32,72.64,0.541494,96.36,12.85,0,0.0,0
2026-07-05,398929024024547,SPM|Finger Paints|TOS|EV,Finger Paints,159287746377553,ENABLED,DAILY_BUDGET,600,INR,17,0,0.0,0.0,,0.0,0,0,0.0,,,,,,0.0,,0.0,0,0.0,0
2026-07-05,209720014419991,SPM|Apron|Phrase|EV,No Portfolio,-1,PAUSED,DAILY_BUDGET,425,INR,1,0,0.0,0.0,,0.0,0,0,0.0,,,,,,0.0,,0.0,0,0.0,0
2026-07-05,56452777781572,SPT|B096WD8RC2|Market Basket Analysis|EV,No Portfolio,-1,ENABLED,DAILY_BUDGET,425,INR,3,0,0.0,0.0,,0.0,0,0,0.0,,,,,,0.0,,0.0,0,0.0,0
2026-07-06,199827147068449,SPM|Phrase|BabyCrayon|EV,No Portfolio,-1,PAUSED,DAILY_BUDGET,425,INR,1,0,0.0,0.0,,0.0,0,0,0.0,,,,,,0.0,,0.0,0,0.0,0
2026-07-04,529319334663227,SPM finger Paints KW/Phrase evits,Finger Paints,159287746377553,PAUSED,DAILY_BUDGET,200,INR,808,2,0.2475,28.0,14.0,34.65,0,0,0.0,0.0,,0.0,,0.0,0.0,,14.0,0,0.0,0
2026-07-06,321162675604576,SP|PT|Comp|Map|EV,MAP,248982874073991,PAUSED,DAILY_BUDGET,425,INR,41,0,0.0,0.0,,0.0,0,0,0.0,,,,,,0.0,,0.0,0,0.0,0
2026-07-05,465006842425907,SPA_Close_Jupiter Sale,MIX,97346527170228,PAUSED,DAILY_BUDGET,350,INR,5642,16,0.2836,130.2,8.14,23.08,0,0,0.0,0.0,,0.0,,0.0,0.0,,37.2,0,0.0,0
2026-07-06,212551373579687,SPM | PHRASE | My ABC Trace & Colour Kit  | EV,No Portfolio,-1,ENABLED,DAILY_BUDGET,350,INR,2,0,0.0,0.0,,0.0,0,0,0.0,,,,,,0.0,,0.0,0,0.0,0
2026-07-04,202163593914826,SPT COMP | EXACT | Imagimake1 | EV,No Portfolio,-1,ENABLED,DAILY_BUDGET,200,INR,58,0,0.0,0.0,,0.0,0,0,0.0,,,,,,0.0,,0.0,0,0.0,0
2026-07-04,24688243279829,SPM|Magic Paint Dust|Phrase|EV,No Portfolio,-1,PAUSED,DAILY_BUDGET,2000,INR,297,5,1.6835,54.3,10.86,182.83,1,1,560.95,10.3306,9.68,20.0,560.95,112.19,1.888721,54.3,2.72,0,0.0,0
2026-07-06,86884225172261,SPM|MaxCoverage|Finger paint|EV,No Portfolio,-1,ENABLED,DAILY_BUDGET,425,INR,598,3,0.5017,3.9,1.3,6.52,0,0,0.0,0.0,,0.0,,0.0,0.0,,0.92,0,0.0,0
2026-07-05,11899110441208,SPM|Exact|B07T516S4Y|EV,No Portfolio,-1,ENABLED,DAILY_BUDGET,500,INR,57,4,7.0175,81.41,20.35,1428.25,0,0,0.0,0.0,,0.0,,0.0,0.0,,16.28,0,0.0,0
2026-07-05,236994616752429,SPM|Phrase|KW|Crayon|EV,Crayons EV,168785445729730,ENABLED,DAILY_BUDGET,425,INR,352,0,0.0,0.0,,0.0,0,0,0.0,,,,,,0.0,,0.0,0,0.0,0
2026-07-06,209741811421198,SD|Audiences likely to be interested in your ad|EV,No Portfolio,-1,PAUSED,DAILY_BUDGET,400,INR,2705,1,0.037,1.42,1.42,0.52,0,0,0.0,0.0,,0.0,,0.0,0.0,,0.36,0,0.0,0
2026-07-05,137579869166904,SD|PT|Self|EV,No Portfolio,-1,PAUSED,DAILY_BUDGET,500,INR,442,0,0.0,0.0,,0.0,0,0,0.0,,,,,,0.0,,0.0,0,0.0,0
2026-07-06,176679979170193,SPM | PHRASE | Hand and Foot Print Kit | EV,No Portfolio,-1,ENABLED,DAILY_BUDGET,400,INR,1118,10,0.8945,61.77,6.18,55.25,2,2,1034.28,16.7441,5.9723,20.0,517.14,103.43,0.925116,30.88,15.44,0,0.0,0
2026-07-05,373536731066978,SB Banner Video Paints and crayons Evits,MIX,97346527170228,ENABLED,DAILY_BUDGET,600,INR,792,9,1.1364,78.51,8.72,99.13,2,2,1522.32,19.3901,5.1573,22.2222,761.16,169.15,1.922121,39.26,13.09,0,0.0,0
2026-07-06,121128522600745,SPT|Crayon|EV,No Portfolio,-1,PAUSED,DAILY_BUDGET,1000,INR,4629,7,0.1512,84.69,12.1,18.3,1,1,350.48,4.1384,24.164,14.2857,350.48,50.07,0.075714,84.69,8.47,0,0.0,0
2026-07-04,266792110500631,SPT|Self|EV,MIX,97346527170228,ENABLED,DAILY_BUDGET,1000,INR,1882,29,1.5409,272.53,9.4,144.81,5,5,3157.62,11.5863,8.6309,17.2414,631.52,108.88,1.6778,54.51,27.25,0,0.0,0
2026-07-05,444606167193508,SP|PT|B096WGCRL3|Comp|EV,MIX,97346527170228,PAUSED,DAILY_BUDGET,300,INR,41,0,0.0,0.0,,0.0,0,0,0.0,,,,,,0.0,,0.0,0,0.0,0
2026-07-06,191133007078195,SPM|Finger|Paints|EV,No Portfolio,-1,PAUSED,DAILY_BUDGET,800,INR,2946,9,0.3055,133.59,14.84,45.35,0,0,0.0,0.0,,0.0,,0.0,0.0,,16.7,0,0.0,0
2026-07-05,143418681856266,SPM|FingerPaint|B0CTHWVRJY|Exact|EV,No Portfolio,-1,ENABLED,DAILY_BUDGET,500,INR,1,0,0.0,0.0,,0.0,0,0,0.0,,,,,,0.0,,0.0,0,0.0,0
2026-07-05,343269127329807,SPM | Phrase | Bubble | EV,Bubbles EV,107518603985453,ENABLED,DAILY_BUDGET,300,INR,350,2,0.5714,12.87,6.44,36.77,0,0,0.0,0.0,,0.0,,0.0,0.0,,4.29,0,0.0,0
2026-07-04,154358744913062,SPM|Exact|Playdough|EV,No Portfolio,-1,ENABLED,DAILY_BUDGET,1300,INR,7128,41,0.5752,978.62,23.87,137.29,11,11,5427.06,5.5456,18.0322,26.8293,493.37,132.37,0.761372,88.97,75.28,0,0.0,0
2026-07-05,430603660145796,SPT|Comp|Mix|EV,Finger Paints,159287746377553,PAUSED,DAILY_BUDGET,700,INR,436,3,0.6881,17.21,5.74,39.47,0,0,0.0,0.0,,0.0,,0.0,0.0,,2.46,0,0.0,0
2026-07-05,53195916546472,SB|Banner | prime day |FingerPaint|EV,No Portfolio,-1,ENABLED,DAILY_BUDGET,1000,INR,12439,78,0.6271,626.71,8.03,50.38,11,11,6941.73,11.0765,9.0282,14.1026,631.07,89.0,0.558062,56.97,62.67,9,5527.87,9
2026-07-04,344257502916404,SPM|PlayDough|Organic Rank-2|EV,Play Dough,35432676096043,PAUSED,DAILY_BUDGET,500,INR,91,0,0.0,0.0,,0.0,0,0,0.0,,,,,,0.0,,0.0,0,0.0,0
2026-07-05,134140664581910,SPM|Brush Set|Phrase|EV,No Portfolio,-1,ENABLED,DAILY_BUDGET,425,INR,214,0,0.0,0.0,,0.0,0,0,0.0,,,,,,0.0,,0.0,0,0.0,0
2026-07-06,532504289153383,SB|PT|EV,Finger Paints,159287746377553,ENABLED,DAILY_BUDGET,1600,INR,5044,27,0.5353,222.81,8.25,44.17,3,3,1600.0,7.181,13.9256,11.1111,533.33,59.26,0.317209,74.27,13.93,3,1600.0,3
2026-07-05,172460400563162,SPT|B0CV1653HN||Market Basket Analysis|EV,No Portfolio,-1,ENABLED,DAILY_BUDGET,300,INR,6,0,0.0,0.0,,0.0,0,0,0.0,,,,,,0.0,,0.0,0,0.0,0
2026-07-04,109068887651517,SPA|Low Sessions | Low Conversion|4|EV,Medium Sales,50595836317071,ENABLED,DAILY_BUDGET,425,INR,3706,23,0.6206,113.99,4.96,30.76,0,0,0.0,0.0,,0.0,,0.0,0.0,,26.82,0,0.0,0
2026-07-06,264272327799221,SPT SELF | EXACT | FINGER PAINT | EV,No Portfolio,-1,ENABLED,DAILY_BUDGET,200,INR,9,0,0.0,0.0,,0.0,0,0,0.0,,,,,,0.0,,0.0,0,0.0,0
2026-07-05,544846735738819,SPM | Phrase | Painting Kit | EV,Finger Paints,159287746377553,ENABLED,DAILY_BUDGET,300,INR,4249,17,0.4001,118.96,7.0,28.0,2,2,668.57,5.6201,17.7932,11.7647,334.28,39.33,0.157348,59.48,39.65,0,0.0,0
2026-07-06,434559981709809,SPT Comp. | Finger Paint | EV,Finger Paints,159287746377553,PAUSED,DAILY_BUDGET,800,INR,5,0,0.0,0.0,,0.0,0,0,0.0,,,,,,0.0,,0.0,0,0.0,0
2026-07-04,183807700450097,SPT | self | asins top | ev,No Portfolio,-1,ENABLED,DAILY_BUDGET,2000,INR,1059,8,0.7554,80.19,10.02,75.72,3,3,1165.54,14.5347,6.8801,37.5,388.51,145.69,1.100604,26.73,4.01,0,0.0,0
2026-07-06,362368043855713,SPA_Loose_Jupiter Sale,MIX,97346527170228,ENABLED,DAILY_BUDGET,350,INR,6653,37,0.5561,221.75,5.99,33.33,2,2,1075.42,4.8497,20.6199,5.4054,537.71,29.07,0.161644,110.88,63.36,0,0.0,0
2026-07-05,434873441648837,SPT|Non-Toxic Finger Paints Pack Of 3|Comp|EV,Finger Paints,159287746377553,PAUSED,DAILY_BUDGET,400,INR,204,3,1.4706,57.43,19.14,281.52,0,0,0.0,0.0,,0.0,,0.0,0.0,,14.36,0,0.0,0
2026-07-06,367062819319868,SPA|Crayon|AmazonPI|EV,Crayons EV,168785445729730,ENABLED,DAILY_BUDGET,500,INR,1396,2,0.1433,11.82,5.91,8.47,0,0,0.0,0.0,,0.0,,0.0,0.0,,2.36,0,0.0,0
2026-07-06,302790106560286,SBV|Starter Painting Fun Pack|EV,Finger Paints,159287746377553,ENABLED,DAILY_BUDGET,1400,INR,1483,15,1.0115,110.81,7.39,74.72,0,0,0.0,0.0,,0.0,,0.0,0.0,,7.92,0,0.0,0
2026-07-06,137579869166904,SD|PT|Self|EV,No Portfolio,-1,PAUSED,DAILY_BUDGET,500,INR,210,0,0.0,0.0,,0.0,0,0,0.0,,,,,,0.0,,0.0,0,0.0,0
2026-07-05,208411996321381,SPT | COMP | Hand and Foot Print Kit | EV,No Portfolio,-1,ENABLED,DAILY_BUDGET,400,INR,324,13,4.0123,95.36,7.34,294.32,0,0,0.0,0.0,,0.0,,0.0,0.0,,23.84,0,0.0,0
2026-07-04,219320864200237,SPM | top asin | exact | ev,No Portfolio,-1,PAUSED,DAILY_BUDGET,425,INR,17,0,0.0,0.0,,0.0,0,0,0.0,,,,,,0.0,,0.0,0,0.0,0
2026-07-06,347410518250505,SBV|NewVideo|PlayDough|EV,Play Dough,35432676096043,ENABLED,DAILY_BUDGET,500,INR,485,8,1.6495,106.48,13.31,219.55,0,0,0.0,0.0,,0.0,,0.0,0.0,,21.3,0,0.0,0
2026-07-05,451444588145435,SB|Stencil|Ev,Stencil,136092957990149,PAUSED,DAILY_BUDGET,200,INR,451,6,1.3304,64.84,10.81,143.77,0,0,0.0,0.0,,0.0,,0.0,0.0,,32.42,0,0.0,0
2026-07-05,473350929501931,SPT|Self|Crayon|EV,Crayons EV,168785445729730,ENABLED,DAILY_BUDGET,1400,INR,296,3,1.0135,37.21,12.4,125.71,1,1,350.48,9.419,10.6169,33.3333,350.48,116.83,1.184054,37.21,2.66,0,0.0,0
2026-07-05,45038153420172,SPM|Phrase|Bubble|EV,No Portfolio,-1,ENABLED,DAILY_BUDGET,425,INR,186,0,0.0,0.0,,0.0,0,0,0.0,,,,,,0.0,,0.0,0,0.0,0
2026-07-05,145416888791707,SPM|PlayDough|CVR|Phrase|EV,No Portfolio,-1,ENABLED,DAILY_BUDGET,425,INR,41,0,0.0,0.0,,0.0,0,0,0.0,,,,,,0.0,,0.0,0,0.0,0
2026-07-05,107307762064699,sbv | pt comp | sensory play dough | ev,No Portfolio,-1,PAUSED,DAILY_BUDGET,300,INR,52,0,0.0,0.0,,0.0,0,0,0.0,,,,,,0.0,,0.0,0,0.0,0
2026-07-04,80687361895683,SPM|Phrase|high CTR|FingerpaintEV,No Portfolio,-1,PAUSED,DAILY_BUDGET,425,INR,2,0,0.0,0.0,,0.0,0,0,0.0,,,,,,0.0,,0.0,0,0.0,0
2026-07-06,470470482165433,SPM | Branded KW | New Launch | EV,Branded KWs,244185727769582,ENABLED,DAILY_BUDGET,1600,INR,694,6,0.8646,66.06,11.01,95.19,2,2,981.36,14.8556,6.7315,33.3333,490.68,163.56,1.414063,33.03,4.13,0,0.0,0
2026-07-04,277990454199457,SPM|Playdough|Phrase|EV,No Portfolio,-1,PAUSED,DAILY_BUDGET,1000,INR,4867,23,0.4726,454.73,19.77,93.43,0,0,0.0,0.0,,0.0,,0.0,0.0,,45.47,0,0.0,0
2026-07-04,104083670362882,SPM | BROAD | FINGER PAINT | EV,No Portfolio,-1,PAUSED,DAILY_BUDGET,300,INR,53,1,1.8868,6.72,6.72,126.79,0,0,0.0,0.0,,0.0,,0.0,0.0,,2.24,0,0.0,0
2026-07-06,82534089099489,SPM | Phrase KWs tgrt |--Evits,Finger Paints,159287746377553,ENABLED,DAILY_BUDGET,700,INR,2553,39,1.5276,460.86,11.82,180.52,9,9,3822.31,8.2939,12.0571,23.0769,424.7,98.01,1.497184,51.21,65.84,0,0.0,0
2026-07-06,70447777015054,SPM|PlayDough | prime day |EV,No Portfolio,-1,ENABLED,DAILY_BUDGET,1000,INR,10088,31,0.3073,225.41,7.27,22.34,2,2,1364.41,6.053,16.5207,6.4516,682.2,44.01,0.135251,112.7,22.54,0,0.0,0
2026-07-04,373536731066978,SB Banner Video Paints and crayons Evits,MIX,97346527170228,ENABLED,DAILY_BUDGET,600,INR,385,3,0.7792,15.63,5.21,40.6,0,0,0.0,0.0,,0.0,,0.0,0.0,,2.6,0,0.0,0
2026-07-05,247280254067186,SPT|Magic paint Dust|Lattooland|EV,No Portfolio,-1,ENABLED,DAILY_BUDGET,1000,INR,29,0,0.0,0.0,,0.0,0,0,0.0,,,,,,0.0,,0.0,0,0.0,0
2026-07-05,13287456874249,SBV on Crayons beeswax - pack of 8,MIX,97346527170228,ENABLED,DAILY_BUDGET,406,INR,159,1,0.6289,2.0,2.0,12.58,0,0,0.0,0.0,,0.0,,0.0,0.0,,0.49,0,0.0,0
2026-07-06,35955913989064,SPM|Phrase | prime day |MixASIN-1|EV,No Portfolio,-1,ENABLED,DAILY_BUDGET,2000,INR,45604,111,0.2434,2201.1,19.83,48.27,7,7,3463.45,1.5735,63.5522,6.3063,494.78,31.2,0.075946,314.44,110.06,0,0.0,0
2026-07-06,236994616752429,SPM|Phrase|KW|Crayon|EV,Crayons EV,168785445729730,ENABLED,DAILY_BUDGET,425,INR,287,0,0.0,0.0,,0.0,0,0,0.0,,,,,,0.0,,0.0,0,0.0,0
2026-07-05,279062816688209,SPM | PHRASE | CRAYON | EV,No Portfolio,-1,ENABLED,DAILY_BUDGET,400,INR,1612,4,0.2481,22.14,5.54,13.73,0,0,0.0,0.0,,0.0,,0.0,0.0,,5.54,0,0.0,0
2026-07-06,62185874403739,SPT|B0B1DT53X9|Market Basket Analysis||EV,No Portfolio,-1,ENABLED,DAILY_BUDGET,350,INR,7,0,0.0,0.0,,0.0,0,0,0.0,,,,,,0.0,,0.0,0,0.0,0
2026-07-06,106502393393870,SPM \ phrase | top asins | ev,No Portfolio,-1,PAUSED,DAILY_BUDGET,425,INR,51,0,0.0,0.0,,0.0,0,0,0.0,,,,,,0.0,,0.0,0,0.0,0
2026-07-04,14266908817652,SPM|Phrase|PlayDOughAll|EV,No Portfolio,-1,PAUSED,DAILY_BUDGET,425,INR,1910,8,0.4188,125.57,15.7,65.74,0,0,0.0,0.0,,0.0,,0.0,0.0,,29.55,0,0.0,0
2026-07-06,257129658512024,SPM | PHRASE | GLUE | EV,No Portfolio,-1,ENABLED,DAILY_BUDGET,400,INR,3,0,0.0,0.0,,0.0,0,0,0.0,,,,,,0.0,,0.0,0,0.0,0
2026-07-06,91048989197574,SPM | PHRASE | FLIP FLAP | EV,No Portfolio,-1,PAUSED,DAILY_BUDGET,400,INR,1,0,0.0,0.0,,0.0,0,0,0.0,,,,,,0.0,,0.0,0,0.0,0
2026-07-04,207315628827658,SD|PT|TopASIN|EV,No Portfolio,-1,PAUSED,DAILY_BUDGET,1000,INR,267,2,0.7491,8.16,4.08,30.56,0,0,0.0,0.0,,0.0,,0.0,0.0,,0.82,0,0.0,0
2026-07-06,89457641769816,SPM||Finger paint|Phrase|EV,No Portfolio,-1,ENABLED,DAILY_BUDGET,3000,INR,937,19,2.0277,210.9,11.1,225.08,5,5,2231.36,10.5802,9.4516,26.3158,446.27,117.44,2.381387,42.18,7.03,0,0.0,0
2026-07-05,121649176852077,SPM|LowImpression|PlayDough|EV,No Portfolio,-1,PAUSED,DAILY_BUDGET,425,INR,856,11,1.285,144.91,13.17,169.29,0,0,0.0,0.0,,0.0,,0.0,0.0,,34.1,0,0.0,0
2026-07-05,11947950277185,SPT|Brush Set||EV,No Portfolio,-1,ENABLED,DAILY_BUDGET,500,INR,843,3,0.3559,40.76,13.59,48.35,0,0,0.0,0.0,,0.0,,0.0,0.0,,8.15,0,0.0,0
2026-07-06,384672449138272,SPM|Crayon|ToddlerKW|EV,Crayons EV,168785445729730,ENABLED,DAILY_BUDGET,600,INR,194,0,0.0,0.0,,0.0,0,0,0.0,,,,,,0.0,,0.0,0,0.0,0
2026-07-05,255385106500028,SPT | COMP | BRUSH | EV,No Portfolio,-1,ENABLED,DAILY_BUDGET,450,INR,205,0,0.0,0.0,,0.0,0,0,0.0,,,,,,0.0,,0.0,0,0.0,0
2026-07-05,277990454199457,SPM|Playdough|Phrase|EV,No Portfolio,-1,PAUSED,DAILY_BUDGET,1000,INR,2516,14,0.5564,271.31,19.38,107.83,1,1,700.85,2.5832,38.7116,7.1429,700.85,50.06,0.278557,271.31,27.13,0,0.0,0
2026-07-04,119149886141956,SPT|Playdough|EV,No Portfolio,-1,ENABLED,DAILY_BUDGET,1200,INR,1723,41,2.3796,458.35,11.18,266.02,6,6,3243.22,7.0759,14.1326,14.6341,540.54,79.1,1.88231,76.39,38.2,0,0.0,0
2026-07-06,117336351694168,SPM|B0CV1653HN|Phrase|EV,No Portfolio,-1,ENABLED,DAILY_BUDGET,600,INR,19,1,5.2632,5.38,5.38,283.16,0,0,0.0,0.0,,0.0,,0.0,0.0,,0.9,0,0.0,0
2026-07-04,90194087082837,SPM|Braod|HighIS|FingerPaint\EV,No Portfolio,-1,ENABLED,DAILY_BUDGET,1000,INR,3916,21,0.5363,469.86,22.37,119.98,2,2,1179.66,2.5107,39.8301,9.5238,589.83,56.17,0.301241,234.93,46.99,0,0.0,0
2026-07-06,480922830906173,SPT|New Launch on Top|EV,MIX,97346527170228,ENABLED,DAILY_BUDGET,500,INR,144,0,0.0,0.0,,0.0,0,0,0.0,,,,,,0.0,,0.0,0,0.0,0
2026-07-04,232590085672905,SPT | COMP | COLOURING PAGE | EV,No Portfolio,-1,ENABLED,DAILY_BUDGET,400,INR,508,5,0.9843,32.61,6.52,64.19,1,1,563.56,17.2818,5.7864,20.0,563.56,112.71,1.10937,32.61,8.15,0,0.0,0
2026-07-04,67520618520942,SPM|Phrase|Stencil|EV,Stencil,136092957990149,PAUSED,DAILY_BUDGET,400,INR,62,1,1.6129,4.81,4.81,77.58,0,0,0.0,0.0,,0.0,,0.0,0.0,,1.2,0,0.0,0
2026-07-05,434559981709809,SPT Comp. | Finger Paint | EV,Finger Paints,159287746377553,PAUSED,DAILY_BUDGET,800,INR,6,0,0.0,0.0,,0.0,0,0,0.0,,,,,,0.0,,0.0,0,0.0,0
2026-07-04,191404326689136,SPM|Hand and Foot Print Kit|Phrase|EV,No Portfolio,-1,ENABLED,DAILY_BUDGET,800,INR,111,3,2.7027,17.86,5.95,160.9,0,0,0.0,0.0,,0.0,,0.0,0.0,,2.23,0,0.0,0
2026-07-05,248653071304451,SPM|Combos|EV,No Portfolio,-1,PAUSED,DAILY_BUDGET,800,INR,3,0,0.0,0.0,,0.0,0,0,0.0,,,,,,0.0,,0.0,0,0.0,0
2026-07-05,444516563288243,SPT|PlayDough|Lattoland&PepPlay|EV,Play Dough,35432676096043,PAUSED,DAILY_BUDGET,500,INR,537,9,1.676,76.05,8.45,141.62,0,0,0.0,0.0,,0.0,,0.0,0.0,,15.21,0,0.0,0
2026-07-05,104835423946722,SBV | DESSERT PAINT | EV,No Portfolio,-1,PAUSED,DAILY_BUDGET,500,INR,9265,39,0.4209,287.04,7.36,30.98,0,0,0.0,0.0,,0.0,,0.0,0.0,,57.41,0,0.0,0
2026-07-04,45038153420172,SPM|Phrase|Bubble|EV,No Portfolio,-1,ENABLED,DAILY_BUDGET,425,INR,210,1,0.4762,3.86,3.86,18.38,0,0,0.0,0.0,,0.0,,0.0,0.0,,0.91,0,0.0,0
2026-07-06,116531586885885,SPT||B0CV17BBLG|Market Basket Analysis|EV,No Portfolio,-1,ENABLED,DAILY_BUDGET,400,INR,10,0,0.0,0.0,,0.0,0,0,0.0,,,,,,0.0,,0.0,0,0.0,0
2026-07-05,232590085672905,SPT | COMP | COLOURING PAGE | EV,No Portfolio,-1,ENABLED,DAILY_BUDGET,400,INR,392,2,0.5102,15.89,7.94,40.54,1,1,433.33,27.2706,3.667,50.0,433.33,216.66,1.105434,15.89,3.97,0,0.0,0
2026-07-05,283803922216826,SD|PT|Reach|EV,MIX,97346527170228,PAUSED,DAILY_BUDGET,500,INR,2760,4,0.1449,107.06,26.76,38.79,0,0,0.0,0.0,,0.0,,0.0,0.0,,21.41,0,0.0,0
2026-07-05,349833362276307,SPM_Branded_Exact_EV,Branded KWs,244185727769582,ENABLED,DAILY_BUDGET,2000,INR,5534,32,0.5782,411.25,12.85,74.31,4,4,2185.22,5.3136,18.8196,12.5,546.3,68.29,0.394872,102.81,20.56,0,0.0,0
2026-07-04,176679979170193,SPM | PHRASE | Hand and Foot Print Kit | EV,No Portfolio,-1,ENABLED,DAILY_BUDGET,400,INR,1265,7,0.5534,51.68,7.38,40.85,0,0,0.0,0.0,,0.0,,0.0,0.0,,12.92,0,0.0,0
2026-07-05,236659227709469,SPM|Phrase Dabble|B07T516S4Y|EV,No Portfolio,-1,ENABLED,DAILY_BUDGET,500,INR,197,0,0.0,0.0,,0.0,0,0,0.0,,,,,,0.0,,0.0,0,0.0,0
2026-07-05,104083670362882,SPM | BROAD | FINGER PAINT | EV,No Portfolio,-1,PAUSED,DAILY_BUDGET,300,INR,65,1,1.5385,6.9,6.9,106.15,0,0,0.0,0.0,,0.0,,0.0,0.0,,2.3,0,0.0,0
2026-07-04,82378655260785,SPM|Apron|EV,No Portfolio,-1,ENABLED,DAILY_BUDGET,425,INR,135,2,1.4815,13.07,6.54,96.81,0,0,0.0,0.0,,0.0,,0.0,0.0,,3.08,0,0.0,0
2026-07-05,20789723317726,SPM|Phrase| Magic Bubbles |EV,No Portfolio,-1,PAUSED,DAILY_BUDGET,425,INR,2,0,0.0,0.0,,0.0,0,0,0.0,,,,,,0.0,,0.0,0,0.0,0
2026-07-06,1891799998362,SPM|Dabble|PlayDough|EV,No Portfolio,-1,PAUSED,DAILY_BUDGET,625,INR,33,1,3.0303,23.59,23.59,714.85,0,0,0.0,0.0,,0.0,,0.0,0.0,,3.77,0,0.0,0
2026-07-06,210389325199036,SPT|FingerPaint|BSR-3|EV,No Portfolio,-1,PAUSED,DAILY_BUDGET,425,INR,341,1,0.2933,10.32,10.32,30.26,0,0,0.0,0.0,,0.0,,0.0,0.0,,2.43,0,0.0,0
2026-07-05,82756575493820,SPM|Dabble|CrayonSEL-MFN-DC08|EV,No Portfolio,-1,PAUSED,DAILY_BUDGET,425,INR,1,0,0.0,0.0,,0.0,0,0,0.0,,,,,,0.0,,0.0,0,0.0,0
2026-07-06,93589837215410,SPM|HighIS|Phrase|FingerPaint|EV,No Portfolio,-1,ENABLED,DAILY_BUDGET,425,INR,11,0,0.0,0.0,,0.0,0,0,0.0,,,,,,0.0,,0.0,0,0.0,0
2026-07-05,344257502916404,SPM|PlayDough|Organic Rank-2|EV,Play Dough,35432676096043,PAUSED,DAILY_BUDGET,500,INR,76,0,0.0,0.0,,0.0,0,0,0.0,,,,,,0.0,,0.0,0,0.0,0
2026-07-05,148717529917684,SPM|Sensory Rice Kit |EV,No Portfolio,-1,PAUSED,DAILY_BUDGET,425,INR,642,12,1.8692,117.72,9.81,183.36,1,2,1121.9,9.5302,10.4929,8.3333,1121.9,93.49,1.747508,117.72,27.7,0,0.0,0
2026-07-06,514027701504449,SPA | Bubble Magic | EV,Bubbles EV,107518603985453,ENABLED,DAILY_BUDGET,300,INR,659,3,0.4552,24.58,8.19,37.3,0,0,0.0,0.0,,0.0,,0.0,0.0,,8.19,0,0.0,0
2026-07-05,24688243279829,SPM|Magic Paint Dust|Phrase|EV,No Portfolio,-1,PAUSED,DAILY_BUDGET,2000,INR,3259,21,0.6444,280.76,13.37,86.15,0,0,0.0,0.0,,0.0,,0.0,0.0,,14.04,0,0.0,0
2026-07-06,385681463251727,SPM|PT|Starter Painting Fun Pack|EV,Finger Paints,159287746377553,ENABLED,DAILY_BUDGET,200,INR,69,0,0.0,0.0,,0.0,0,0,0.0,,,,,,0.0,,0.0,0,0.0,0
2026-07-05,240964410978689,SBV | COMP PT | SENSORY PLAYDOUGH | EV,No Portfolio,-1,ENABLED,DAILY_BUDGET,300,INR,3442,22,0.6392,335.75,15.26,97.55,1,1,700.84,2.0874,47.9068,4.5455,700.84,31.86,0.203614,335.75,111.92,0,0.0,0
2026-07-04,401811448251433,SPT|Dino|Stencil DIY |EV,Stencil,136092957990149,PAUSED,DAILY_BUDGET,500,INR,5,0,0.0,0.0,,0.0,0,0,0.0,,,,,,0.0,,0.0,0,0.0,0
2026-07-04,97842557108414,SPM|My First Puzzle|EV,No Portfolio,-1,PAUSED,DAILY_BUDGET,425,INR,9,0,0.0,0.0,,0.0,0,0,0.0,,,,,,0.0,,0.0,0,0.0,0
2026-07-04,265370402119116,SPM|finger paint|B0CTHWVRJY|EV,No Portfolio,-1,ENABLED,DAILY_BUDGET,425,INR,176,3,1.7045,84.16,28.05,478.18,0,0,0.0,0.0,,0.0,,0.0,0.0,,19.8,0,0.0,0
2026-07-06,193548631172297,SD audience tgt on finger paints - 3 colours,No Portfolio,-1,PAUSED,DAILY_BUDGET,300,INR,1509,3,0.1988,5.93,1.98,3.93,0,0,0.0,0.0,,0.0,,0.0,0.0,,1.98,0,0.0,0
2026-07-05,454299066820157,SPPT|MyFirstSwingingJungleCombo|EV,Competitor PT EV,77621372464843,ENABLED,DAILY_BUDGET,400,INR,23,0,0.0,0.0,,0.0,0,0,0.0,,,,,,0.0,,0.0,0,0.0,0
2026-07-05,275984104233374,SD|PR|EV,No Portfolio,-1,ENABLED,DAILY_BUDGET,400,INR,11,0,0.0,0.0,,0.0,0,0,0.0,,,,,,0.0,,0.0,0,0.0,0
2026-07-05,348337395626859,SD_On Competitors_EV,Finger Paints,159287746377553,PAUSED,DAILY_BUDGET,500,INR,303,0,0.0,0.0,,0.0,0,0,0.0,,,,,,0.0,,0.0,0,0.0,0
2026-07-04,347410518250505,SBV|NewVideo|PlayDough|EV,Play Dough,35432676096043,ENABLED,DAILY_BUDGET,500,INR,624,8,1.2821,91.23,11.4,146.2,1,1,560.17,6.1402,16.2861,12.5,560.17,70.02,0.897708,91.23,18.25,1,560.17,1
2026-07-05,346140415952893,SPT| TopAsin |EV,MIX,97346527170228,ENABLED,DAILY_BUDGET,500,INR,252,7,2.7778,101.53,14.5,402.9,2,2,732.2,7.2117,13.8664,28.5714,366.1,104.6,2.905556,50.76,20.31,0,0.0,0
2026-07-05,1891799998362,SPM|Dabble|PlayDough|EV,No Portfolio,-1,PAUSED,DAILY_BUDGET,625,INR,9,0,0.0,0.0,,0.0,0,0,0.0,,,,,,0.0,,0.0,0,0.0,0
2026-07-04,13287456874249,SBV on Crayons beeswax - pack of 8,MIX,97346527170228,ENABLED,DAILY_BUDGET,406,INR,30,1,3.3333,11.77,11.77,392.33,1,1,350.48,29.7774,3.3583,100.0,350.48,350.48,11.682667,11.77,2.9,1,350.48,1
2026-07-06,58249036949135,SPT|FingerPaint|BRS-1|EV,No Portfolio,-1,ENABLED,DAILY_BUDGET,425,INR,3737,7,0.1873,120.0,17.14,32.11,4,4,1811.02,15.0918,6.6261,57.1429,452.76,258.72,0.484619,30.0,28.24,0,0.0,0
2026-07-06,263574403012949,SPM|Magic Paint Dust |Phrase|EV,No Portfolio,-1,PAUSED,DAILY_BUDGET,425,INR,455,5,1.0989,36.69,7.34,80.64,0,0,0.0,0.0,,0.0,,0.0,0.0,,8.63,0,0.0,0
2026-07-04,199827147068449,SPM|Phrase|BabyCrayon|EV,No Portfolio,-1,PAUSED,DAILY_BUDGET,425,INR,9,0,0.0,0.0,,0.0,0,0,0.0,,,,,,0.0,,0.0,0,0.0,0
2026-07-04,175284729942534,SPT|Flip Flap|EV,No Portfolio,-1,PAUSED,DAILY_BUDGET,425,INR,10,0,0.0,0.0,,0.0,0,0,0.0,,,,,,0.0,,0.0,0,0.0,0
2026-07-06,401811448251433,SPT|Dino|Stencil DIY |EV,Stencil,136092957990149,PAUSED,DAILY_BUDGET,500,INR,0,0,,0.0,,,0,0,0.0,,,,,,,,0.0,0,0.0,0
2026-07-05,36174721960859,SPM | PHRASE | DINO STENCIL | EV,No Portfolio,-1,ENABLED,DAILY_BUDGET,400,INR,37,0,0.0,0.0,,0.0,0,0,0.0,,,,,,0.0,,0.0,0,0.0,0
2026-07-06,232590085672905,SPT | COMP | COLOURING PAGE | EV,No Portfolio,-1,ENABLED,DAILY_BUDGET,400,INR,384,4,1.0417,36.01,9.0,93.78,0,0,0.0,0.0,,0.0,,0.0,0.0,,9.0,0,0.0,0
2026-07-06,430603660145796,SPT|Comp|Mix|EV,Finger Paints,159287746377553,PAUSED,DAILY_BUDGET,700,INR,519,2,0.3854,23.16,11.58,44.62,0,0,0.0,0.0,,0.0,,0.0,0.0,,3.31,0,0.0,0
2026-07-06,322214371124558,SP_PT_Fevicreate_EV,Finger Paints,159287746377553,PAUSED,DAILY_BUDGET,500,INR,0,0,,0.0,,,0,0,0.0,,,,,,,,0.0,0,0.0,0
2026-07-04,36174721960859,SPM | PHRASE | DINO STENCIL | EV,No Portfolio,-1,ENABLED,DAILY_BUDGET,400,INR,9,0,0.0,0.0,,0.0,0,0,0.0,,,,,,0.0,,0.0,0,0.0,0
2026-07-06,188043233089821,SPM | PHRASE | APRON | EV,No Portfolio,-1,ENABLED,DAILY_BUDGET,450,INR,0,0,,0.0,,,0,0,0.0,,,,,,,,0.0,0,0.0,0
2026-07-04,514020847273341,SPM|Exact|PlayDough|1EV,Play Dough,35432676096043,PAUSED,DAILY_BUDGET,500,INR,140,2,1.4286,29.79,14.9,212.79,0,0,0.0,0.0,,0.0,,0.0,0.0,,5.96,0,0.0,0
2026-07-05,385681463251727,SPM|PT|Starter Painting Fun Pack|EV,Finger Paints,159287746377553,ENABLED,DAILY_BUDGET,200,INR,63,0,0.0,0.0,,0.0,0,0,0.0,,,,,,0.0,,0.0,0,0.0,0
2026-07-04,327546802363585,SPM|PT|Beeswax Crayons|PT|EV,Crayons EV,168785445729730,PAUSED,DAILY_BUDGET,400,INR,36,0,0.0,0.0,,0.0,0,0,0.0,,,,,,0.0,,0.0,0,0.0,0
2026-07-04,257129658512024,SPM | PHRASE | GLUE | EV,No Portfolio,-1,ENABLED,DAILY_BUDGET,400,INR,14,0,0.0,0.0,,0.0,0,0,0.0,,,,,,0.0,,0.0,0,0.0,0
2026-07-04,540883582083443,SPM|Phrase|Crayonss|EV,Crayons EV,168785445729730,ENABLED,DAILY_BUDGET,425,INR,2,0,0.0,0.0,,0.0,0,0,0.0,,,,,,0.0,,0.0,0,0.0,0
2026-07-05,362368043855713,SPA_Loose_Jupiter Sale,MIX,97346527170228,ENABLED,DAILY_BUDGET,350,INR,5834,34,0.5828,202.77,5.96,34.76,3,3,1931.54,9.5258,10.4978,8.8235,643.85,56.81,0.331083,67.59,57.93,0,0.0,0
2026-07-05,92623729540566,SPM | PHRASE | Gift combo pack | EV,No Portfolio,-1,ENABLED,DAILY_BUDGET,400,INR,22,0,0.0,0.0,,0.0,0,0,0.0,,,,,,0.0,,0.0,0,0.0,0
2026-07-04,434873441648837,SPT|Non-Toxic Finger Paints Pack Of 3|Comp|EV,Finger Paints,159287746377553,PAUSED,DAILY_BUDGET,400,INR,1,0,0.0,0.0,,0.0,0,0,0.0,,,,,,0.0,,0.0,0,0.0,0
2026-07-06,36174721960859,SPM | PHRASE | DINO STENCIL | EV,No Portfolio,-1,ENABLED,DAILY_BUDGET,400,INR,18,0,0.0,0.0,,0.0,0,0,0.0,,,,,,0.0,,0.0,0,0.0,0
2026-07-04,143418681856266,SPM|FingerPaint|B0CTHWVRJY|Exact|EV,No Portfolio,-1,ENABLED,DAILY_BUDGET,500,INR,0,0,,0.0,,,0,0,0.0,,,,,,,,0.0,0,0.0,0
2026-07-04,284910278463143,SPPT|Brush|Comp|EV,Brush,193601647018990,ENABLED,DAILY_BUDGET,500,INR,68,2,2.9412,28.42,14.21,417.94,2,2,732.2,25.7635,3.8815,100.0,366.1,366.1,10.767647,14.21,5.68,0,0.0,0
2026-07-06,342340840604120,SPM | KT | Broad | Brand | All Asin | EV,Branded KWs,244185727769582,ENABLED,DAILY_BUDGET,650,INR,304,2,0.6579,21.56,10.78,70.92,0,0,0.0,0.0,,0.0,,0.0,0.0,,3.32,0,0.0,0
2026-07-04,92623729540566,SPM | PHRASE | Gift combo pack | EV,No Portfolio,-1,ENABLED,DAILY_BUDGET,400,INR,29,0,0.0,0.0,,0.0,0,0,0.0,,,,,,0.0,,0.0,0,0.0,0
2026-07-06,202985626991089,SPT|Colouring Page||EV,No Portfolio,-1,PAUSED,DAILY_BUDGET,425,INR,390,6,1.5385,70.15,11.69,179.87,0,0,0.0,0.0,,0.0,,0.0,0.0,,16.51,0,0.0,0
2026-07-06,191404326689136,SPM|Hand and Foot Print Kit|Phrase|EV,No Portfolio,-1,ENABLED,DAILY_BUDGET,800,INR,156,2,1.2821,11.48,5.74,73.59,0,0,0.0,0.0,,0.0,,0.0,0.0,,1.44,0,0.0,0
2026-07-06,43772916710120,SPM | PHRASE | Unicorn Stencil | EV,No Portfolio,-1,ENABLED,DAILY_BUDGET,350,INR,21,0,0.0,0.0,,0.0,0,0,0.0,,,,,,0.0,,0.0,0,0.0,0
2026-07-05,257572073641830,SPM|Broad|Brush Set|EV,No Portfolio,-1,ENABLED,DAILY_BUDGET,500,INR,1140,18,1.5789,231.68,12.87,203.23,6,6,2614.39,11.2845,8.8617,33.3333,435.73,145.24,2.293325,38.61,46.34,0,0.0,0
2026-07-06,253109416973395,SPT|FingerPaint|New|EV,No Portfolio,-1,PAUSED,DAILY_BUDGET,800,INR,72,1,1.3889,10.7,10.7,148.61,0,0,0.0,0.0,,0.0,,0.0,0.0,,1.34,0,0.0,0
2026-07-06,109068887651517,SPA|Low Sessions | Low Conversion|4|EV,Medium Sales,50595836317071,ENABLED,DAILY_BUDGET,425,INR,4008,29,0.7236,135.51,4.67,33.81,2,2,834.29,6.1567,16.2426,6.8966,417.14,28.77,0.208156,67.76,31.88,0,0.0,0
2026-07-05,199827147068449,SPM|Phrase|BabyCrayon|EV,No Portfolio,-1,PAUSED,DAILY_BUDGET,425,INR,4,0,0.0,0.0,,0.0,0,0,0.0,,,,,,0.0,,0.0,0,0.0,0
2026-07-06,444516563288243,SPT|PlayDough|Lattoland&PepPlay|EV,Play Dough,35432676096043,PAUSED,DAILY_BUDGET,500,INR,445,7,1.573,63.68,9.1,143.1,0,0,0.0,0.0,,0.0,,0.0,0.0,,12.74,0,0.0,0
2026-07-06,451444588145435,SB|Stencil|Ev,Stencil,136092957990149,PAUSED,DAILY_BUDGET,200,INR,278,1,0.3597,18.13,18.13,65.22,0,0,0.0,0.0,,0.0,,0.0,0.0,,9.06,0,0.0,0
2026-07-05,111841553039297,SPM | PHRASE | BRUSH | EV,No Portfolio,-1,PAUSED,DAILY_BUDGET,450,INR,1087,1,0.092,10.8,10.8,9.94,0,0,0.0,0.0,,0.0,,0.0,0.0,,2.4,0,0.0,0
2026-07-04,151128051182679,SPM|Finger paint and brush|Phrase|EV,No Portfolio,-1,ENABLED,DAILY_BUDGET,425,INR,1504,7,0.4654,112.0,16.0,74.47,1,1,759.32,6.7796,14.75,14.2857,759.32,108.47,0.504867,112.0,26.35,0,0.0,0
2026-07-04,312963056484974,SPCT | Refine | Finger Paint | EV,Finger Paints,159287746377553,PAUSED,DAILY_BUDGET,1500,INR,179,0,0.0,0.0,,0.0,0,0,0.0,,,,,,0.0,,0.0,0,0.0,0
2026-07-05,320096851298962,SPM | Phrase | Painting Art Canvas | EV,Finger Paints,159287746377553,PAUSED,DAILY_BUDGET,300,INR,2,0,0.0,0.0,,0.0,0,0,0.0,,,,,,0.0,,0.0,0,0.0,0
2026-07-04,107307762064699,sbv | pt comp | sensory play dough | ev,No Portfolio,-1,PAUSED,DAILY_BUDGET,300,INR,31,2,6.4516,10.24,5.12,330.32,0,0,0.0,0.0,,0.0,,0.0,0.0,,3.41,0,0.0,0
2026-07-06,11947950277185,SPT|Brush Set||EV,No Portfolio,-1,ENABLED,DAILY_BUDGET,500,INR,515,2,0.3883,34.16,17.08,66.33,0,0,0.0,0.0,,0.0,,0.0,0.0,,6.83,0,0.0,0
2026-07-06,497848209454975,SPA_All In One_EV,MIX,97346527170228,PAUSED,DAILY_BUDGET,150,INR,105,1,0.9524,7.47,7.47,71.14,0,0,0.0,0.0,,0.0,,0.0,0.0,,4.98,0,0.0,0
2026-07-06,56452777781572,SPT|B096WD8RC2|Market Basket Analysis|EV,No Portfolio,-1,ENABLED,DAILY_BUDGET,425,INR,2,0,0.0,0.0,,0.0,0,0,0.0,,,,,,0.0,,0.0,0,0.0,0
2026-07-05,14266908817652,SPM|Phrase|PlayDOughAll|EV,No Portfolio,-1,PAUSED,DAILY_BUDGET,425,INR,2236,6,0.2683,89.95,14.99,40.23,0,0,0.0,0.0,,0.0,,0.0,0.0,,21.16,0,0.0,0
2026-07-06,541682884716773,SPM | Phrase | Finger Paint | Non Toxic KW | EV,Finger Paints,159287746377553,PAUSED,DAILY_BUDGET,300,INR,64,0,0.0,0.0,,0.0,0,0,0.0,,,,,,0.0,,0.0,0,0.0,0
2026-07-06,457849298361429,SPT|FingerPaints|Comp|EV,Finger Paints,159287746377553,ENABLED,DAILY_BUDGET,1800,INR,63,0,0.0,0.0,,0.0,0,0,0.0,,,,,,0.0,,0.0,0,0.0,0
2026-07-05,82378655260785,SPM|Apron|EV,No Portfolio,-1,ENABLED,DAILY_BUDGET,425,INR,127,1,0.7874,7.88,7.88,62.05,0,0,0.0,0.0,,0.0,,0.0,0.0,,1.85,0,0.0,0
2026-07-06,190630060887939,SPM|PlayDough|Exact\EV,No Portfolio,-1,ENABLED,DAILY_BUDGET,2000,INR,196,22,11.2245,697.71,31.71,3559.74,6,7,3523.72,5.0504,19.8004,27.2727,587.29,160.17,17.978163,116.29,34.89,0,0.0,0
2026-07-05,264272327799221,SPT SELF | EXACT | FINGER PAINT | EV,No Portfolio,-1,ENABLED,DAILY_BUDGET,200,INR,3,0,0.0,0.0,,0.0,0,0,0.0,,,,,,0.0,,0.0,0,0.0,0
2026-07-05,376052058590065,SPT| Starter Painting Fun Pack|EV,Finger Paints,159287746377553,PAUSED,DAILY_BUDGET,925,INR,69,4,5.7971,60.57,15.14,877.83,0,0,0.0,0.0,,0.0,,0.0,0.0,,6.55,0,0.0,0
2026-07-04,119634449447071,SD|Low Sessions | Low Conversion|EV,No Portfolio,-1,PAUSED,DAILY_BUDGET,200,INR,146,0,0.0,0.0,,0.0,0,0,0.0,,,,,,0.0,,0.0,0,0.0,0
2026-07-04,190630060887939,SPM|PlayDough|Exact\EV,No Portfolio,-1,ENABLED,DAILY_BUDGET,2000,INR,174,16,9.1954,452.8,28.3,2602.3,5,5,2844.92,6.283,15.9161,31.25,568.98,177.81,16.350115,90.56,22.64,0,0.0,0
2026-07-05,321162675604576,SP|PT|Comp|Map|EV,MAP,248982874073991,PAUSED,DAILY_BUDGET,425,INR,57,0,0.0,0.0,,0.0,0,0,0.0,,,,,,0.0,,0.0,0,0.0,0
2026-07-06,456114220616727,SPT|Doms Finger Paints|EV,Finger Paints,159287746377553,PAUSED,DAILY_BUDGET,1700,INR,3,0,0.0,0.0,,0.0,0,0,0.0,,,,,,0.0,,0.0,0,0.0,0
2026-07-04,1891799998362,SPM|Dabble|PlayDough|EV,No Portfolio,-1,PAUSED,DAILY_BUDGET,625,INR,56,0,0.0,0.0,,0.0,0,0,0.0,,,,,,0.0,,0.0,0,0.0,0
2026-07-06,266792110500631,SPT|Self|EV,MIX,97346527170228,ENABLED,DAILY_BUDGET,1000,INR,1658,33,1.9903,294.22,8.92,177.45,0,0,0.0,0.0,,0.0,,0.0,0.0,,29.42,0,0.0,0
2026-07-05,223886565922288,SPM|Phrase|Bubbles||EV,No Portfolio,-1,ENABLED,DAILY_BUDGET,500,INR,2119,6,0.2832,34.61,5.77,16.33,0,0,0.0,0.0,,0.0,,0.0,0.0,,6.92,0,0.0,0
2026-07-04,172460400563162,SPT|B0CV1653HN||Market Basket Analysis|EV,No Portfolio,-1,ENABLED,DAILY_BUDGET,300,INR,3,0,0.0,0.0,,0.0,0,0,0.0,,,,,,0.0,,0.0,0,0.0,0
2026-07-06,18450504468378,SPM|FingerPaint|ExactNewKW-2|EV,No Portfolio,-1,ENABLED,DAILY_BUDGET,425,INR,63,5,7.9365,100.73,20.15,1598.89,1,1,420.34,4.1729,23.9639,20.0,420.34,84.07,6.672063,100.73,23.7,0,0.0,0
2026-07-04,486880556606586,SPA_Non Toxic Glue,Non Toxic Glue,225101040863691,ENABLED,DAILY_BUDGET,200,INR,271,0,0.0,0.0,,0.0,0,0,0.0,,,,,,0.0,,0.0,0,0.0,0
2026-07-05,417778091214825,SPM Crayon kw/phrase evits,Crayons EV,168785445729730,PAUSED,DAILY_BUDGET,1500,INR,1586,0,0.0,0.0,,0.0,0,0,0.0,,,,,,0.0,,0.0,0,0.0,0
2026-07-06,195915006483249,SB|StoreFront|EV,No Portfolio,-1,ENABLED,DAILY_BUDGET,1000,INR,1529,15,0.981,222.45,14.83,145.49,0,0,0.0,0.0,,0.0,,0.0,0.0,,22.24,0,0.0,0
2026-07-04,6300601943430,SPT|Brush Set|EV,No Portfolio,-1,PAUSED,DAILY_BUDGET,400,INR,115,0,0.0,0.0,,0.0,0,0,0.0,,,,,,0.0,,0.0,0,0.0,0
2026-07-04,132208059278681,SPT|B09WMGR9M8|Market Basket Analysis|EV,No Portfolio,-1,ENABLED,DAILY_BUDGET,425,INR,189,4,2.1164,42.11,10.53,222.8,0,0,0.0,0.0,,0.0,,0.0,0.0,,9.91,0,0.0,0
2026-07-06,246957273103533,SPM|Phrase|All in one paint kit|EV,No Portfolio,-1,ENABLED,DAILY_BUDGET,975,INR,11,0,0.0,0.0,,0.0,0,0,0.0,,,,,,0.0,,0.0,0,0.0,0
2026-07-04,223886565922288,SPM|Phrase|Bubbles||EV,No Portfolio,-1,ENABLED,DAILY_BUDGET,500,INR,2102,3,0.1427,18.52,6.17,8.81,0,0,0.0,0.0,,0.0,,0.0,0.0,,3.7,0,0.0,0
2026-07-05,93589837215410,SPM|HighIS|Phrase|FingerPaint|EV,No Portfolio,-1,ENABLED,DAILY_BUDGET,425,INR,5,0,0.0,0.0,,0.0,0,0,0.0,,,,,,0.0,,0.0,0,0.0,0
2026-07-04,514027701504449,SPA | Bubble Magic | EV,Bubbles EV,107518603985453,ENABLED,DAILY_BUDGET,300,INR,767,3,0.3911,32.16,10.72,41.93,1,1,408.58,12.7046,7.8712,33.3333,408.58,136.19,0.532699,32.16,10.72,0,0.0,0
2026-07-05,291837356167536,ST CT | Flip Flap | EV,Flip Flap,2748744653088,PAUSED,DAILY_BUDGET,525,INR,305,3,0.9836,12.24,4.08,40.13,0,0,0.0,0.0,,0.0,,0.0,0.0,,2.33,0,0.0,0
2026-07-06,119634449447071,SD|Low Sessions | Low Conversion|EV,No Portfolio,-1,PAUSED,DAILY_BUDGET,200,INR,89,0,0.0,0.0,,0.0,0,0,0.0,,,,,,0.0,,0.0,0,0.0,0
2026-07-05,216457104421508,SPM|Exact|AllASIN|Branded|KW,No Portfolio,-1,ENABLED,DAILY_BUDGET,2000,INR,946,2,0.2114,14.61,7.3,15.44,0,0,0.0,0.0,,0.0,,0.0,0.0,,0.73,0,0.0,0
2026-07-05,15677912205971,SPM|Phrase|Colouring Page|EV,No Portfolio,-1,ENABLED,DAILY_BUDGET,425,INR,11,0,0.0,0.0,,0.0,0,0,0.0,,,,,,0.0,,0.0,0,0.0,0
2026-07-04,40728313544829,sd | purchase remarketing | ev,No Portfolio,-1,ENABLED,DAILY_BUDGET,1000,INR,6,0,0.0,0.0,,0.0,0,0,0.0,,,,,,0.0,,0.0,0,0.0,0
2026-07-04,417778091214825,SPM Crayon kw/phrase evits,Crayons EV,168785445729730,PAUSED,DAILY_BUDGET,1500,INR,1664,1,0.0601,3.87,3.87,2.33,0,0,0.0,0.0,,0.0,,0.0,0.0,,0.26,0,0.0,0
2026-07-05,116531586885885,SPT||B0CV17BBLG|Market Basket Analysis|EV,No Portfolio,-1,ENABLED,DAILY_BUDGET,400,INR,13,0,0.0,0.0,,0.0,0,0,0.0,,,,,,0.0,,0.0,0,0.0,0
2026-07-04,302790106560286,SBV|Starter Painting Fun Pack|EV,Finger Paints,159287746377553,ENABLED,DAILY_BUDGET,1400,INR,1432,17,1.1872,104.4,6.14,72.91,1,1,420.34,4.0262,24.837,5.8824,420.34,24.73,0.293534,104.4,7.46,1,420.34,1
2026-07-05,466236606443209,SD|PT|FingerPaints|EV,Finger Paints,159287746377553,ENABLED,DAILY_BUDGET,500,INR,1367,3,0.2195,66.77,22.26,48.84,0,1,759.32,11.3722,8.7934,0.0,,253.11,0.555465,,13.35,0,0.0,0
2026-07-05,82853388149346,Spt comp | PepPlay Store | playdough | ev,No Portfolio,-1,ENABLED,DAILY_BUDGET,1000,INR,5661,53,0.9362,499.7,9.43,88.27,1,1,431.36,0.8632,115.8429,1.8868,431.36,8.14,0.076199,499.7,49.97,0,0.0,0
2026-07-05,242931074268465,SPM|My ABC Trace & Colour Kit |Phrase|EV,No Portfolio,-1,ENABLED,DAILY_BUDGET,200,INR,151,1,0.6623,24.59,24.59,162.85,0,0,0.0,0.0,,0.0,,0.0,0.0,,12.3,0,0.0,0
2026-07-04,203247723034269,SPM|FingerPaint|NewKW-1|EV,No Portfolio,-1,ENABLED,DAILY_BUDGET,500,INR,2402,11,0.458,208.57,18.96,86.83,0,0,0.0,0.0,,0.0,,0.0,0.0,,41.71,0,0.0,0
2026-07-05,181618713453795,SPM|Exact-2|FingerPaint|EV,No Portfolio,-1,ENABLED,DAILY_BUDGET,425,INR,1,0,0.0,0.0,,0.0,0,0,0.0,,,,,,0.0,,0.0,0,0.0,0
2026-07-06,527177961058816,SPM finger Paints KW/Broad Evits,Finger Paints,159287746377553,ENABLED,DAILY_BUDGET,2000,INR,13091,66,0.5042,1508.96,22.86,115.27,6,6,2949.16,1.9544,51.1658,9.0909,491.53,44.68,0.225281,251.49,75.45,0,0.0,0
2026-07-06,486880556606586,SPA_Non Toxic Glue,Non Toxic Glue,225101040863691,ENABLED,DAILY_BUDGET,200,INR,330,0,0.0,0.0,,0.0,0,0,0.0,,,,,,0.0,,0.0,0,0.0,0
2026-07-04,242931074268465,SPM|My ABC Trace & Colour Kit |Phrase|EV,No Portfolio,-1,ENABLED,DAILY_BUDGET,200,INR,810,5,0.6173,82.67,16.53,102.06,0,0,0.0,0.0,,0.0,,0.0,0.0,,41.34,0,0.0,0
2026-07-06,145416888791707,SPM|PlayDough|CVR|Phrase|EV,No Portfolio,-1,ENABLED,DAILY_BUDGET,425,INR,30,1,3.3333,7.95,7.95,265.0,0,0,0.0,0.0,,0.0,,0.0,0.0,,1.87,0,0.0,0
2026-07-06,346140415952893,SPT| TopAsin |EV,MIX,97346527170228,ENABLED,DAILY_BUDGET,500,INR,491,3,0.611,38.72,12.91,78.86,0,0,0.0,0.0,,0.0,,0.0,0.0,,7.74,0,0.0,0
2026-07-04,24070394726923,SPM | phrase | Playdough | ev,No Portfolio,-1,ENABLED,DAILY_BUDGET,425,INR,145,0,0.0,0.0,,0.0,0,0,0.0,,,,,,0.0,,0.0,0,0.0,0
2026-07-06,398929024024547,SPM|Finger Paints|TOS|EV,Finger Paints,159287746377553,ENABLED,DAILY_BUDGET,600,INR,196,0,0.0,0.0,,0.0,0,0,0.0,,,,,,0.0,,0.0,0,0.0,0
2026-07-04,104835423946722,SBV | DESSERT PAINT | EV,No Portfolio,-1,PAUSED,DAILY_BUDGET,500,INR,9174,48,0.5232,343.3,7.15,37.42,1,1,422.88,1.2318,81.1814,2.0833,422.88,8.81,0.046095,343.3,68.66,1,422.88,1
2026-07-06,223886565922288,SPM|Phrase|Bubbles||EV,No Portfolio,-1,ENABLED,DAILY_BUDGET,500,INR,1502,6,0.3995,39.37,6.56,26.21,0,0,0.0,0.0,,0.0,,0.0,0.0,,7.87,0,0.0,0
2026-07-05,253109416973395,SPT|FingerPaint|New|EV,No Portfolio,-1,PAUSED,DAILY_BUDGET,800,INR,47,0,0.0,0.0,,0.0,0,0,0.0,,,,,,0.0,,0.0,0,0.0,0
2026-07-05,151643061741714,SD|Low Sessions | High Conversion|EV,No Portfolio,-1,PAUSED,DAILY_BUDGET,300,INR,0,0,,0.0,,,0,0,0.0,,,,,,,,0.0,0,0.0,0
2026-07-06,207315628827658,SD|PT|TopASIN|EV,No Portfolio,-1,PAUSED,DAILY_BUDGET,1000,INR,0,0,,0.0,,,0,0,0.0,,,,,,,,0.0,0,0.0,0
2026-07-06,281300911958416,SPM|Exact|FingerPaint|New|EV,No Portfolio,-1,ENABLED,DAILY_BUDGET,425,INR,9,0,0.0,0.0,,0.0,0,0,0.0,,,,,,0.0,,0.0,0,0.0,0
2026-07-04,123352051178567,SPM|HighImpression|FingerPaint|EV,No Portfolio,-1,PAUSED,DAILY_BUDGET,425,INR,1,0,0.0,0.0,,0.0,0,0,0.0,,,,,,0.0,,0.0,0,0.0,0
2026-07-06,31773483456440,SPM|Phrase|MixASIN|2|EV,No Portfolio,-1,ENABLED,DAILY_BUDGET,850,INR,372,9,2.4194,86.6,9.62,232.8,1,1,409.52,4.7289,21.1467,11.1111,409.52,45.5,1.10086,86.6,10.19,0,0.0,0
2026-07-04,376909993254211,SPM|Exact|Crayon|Search Performance|EV,Crayons EV,168785445729730,PAUSED,DAILY_BUDGET,200,INR,188,0,0.0,0.0,,0.0,0,0,0.0,,,,,,0.0,,0.0,0,0.0,0
2026-07-05,151128051182679,SPM|Finger paint and brush|Phrase|EV,No Portfolio,-1,ENABLED,DAILY_BUDGET,425,INR,383,2,0.5222,27.26,13.63,71.17,0,0,0.0,0.0,,0.0,,0.0,0.0,,6.41,0,0.0,0
2026-07-04,362368043855713,SPA_Loose_Jupiter Sale,MIX,97346527170228,ENABLED,DAILY_BUDGET,350,INR,8296,46,0.5545,242.64,5.27,29.25,2,2,1076.18,4.4353,22.5464,4.3478,538.09,23.4,0.129723,121.32,69.33,0,0.0,0
2026-07-05,294032070490990,SPM_Non_toxic paints,Finger Paints,159287746377553,PAUSED,DAILY_BUDGET,400,INR,27,2,7.4074,13.79,6.9,510.74,0,0,0.0,0.0,,0.0,,0.0,0.0,,3.45,0,0.0,0
2026-07-06,454299066820157,SPPT|MyFirstSwingingJungleCombo|EV,Competitor PT EV,77621372464843,ENABLED,DAILY_BUDGET,400,INR,21,1,4.7619,7.12,7.12,339.05,3,3,1742.35,244.7121,0.4086,300.0,580.78,1742.35,82.969048,2.37,1.78,0,0.0,0
2026-07-05,130231059183471,SPM | PHRASE | COLOURING PAGE | EV,No Portfolio,-1,ENABLED,DAILY_BUDGET,400,INR,1116,7,0.6272,59.3,8.47,53.14,6,6,2409.4,40.6307,2.4612,85.7143,401.57,344.2,2.158961,9.88,14.82,0,0.0,0
2026-07-05,347410518250505,SBV|NewVideo|PlayDough|EV,Play Dough,35432676096043,ENABLED,DAILY_BUDGET,500,INR,544,4,0.7353,58.47,14.62,107.48,0,0,0.0,0.0,,0.0,,0.0,0.0,,11.69,0,0.0,0
2026-07-06,138409774871727,spt comp | exact | luxor crayons | ev,No Portfolio,-1,ENABLED,DAILY_BUDGET,200,INR,19,1,5.2632,1.34,1.34,70.53,0,0,0.0,0.0,,0.0,,0.0,0.0,,0.67,0,0.0,0
2026-07-06,11637833927236,SPM|Exact|MagicPaintDust|EV,No Portfolio,-1,PAUSED,DAILY_BUDGET,2000,INR,90,0,0.0,0.0,,0.0,0,0,0.0,,,,,,0.0,,0.0,0,0.0,0
2026-07-05,106502393393870,SPM \ phrase | top asins | ev,No Portfolio,-1,PAUSED,DAILY_BUDGET,425,INR,81,1,1.2346,6.83,6.83,84.32,0,0,0.0,0.0,,0.0,,0.0,0.0,,1.61,0,0.0,0
2026-07-04,216457104421508,SPM|Exact|AllASIN|Branded|KW,No Portfolio,-1,ENABLED,DAILY_BUDGET,2000,INR,5586,10,0.179,116.81,11.68,20.91,1,1,550.0,4.7085,21.2382,10.0,550.0,55.0,0.09846,116.81,5.84,0,0.0,0
2026-07-04,349833362276307,SPM_Branded_Exact_EV,Branded KWs,244185727769582,ENABLED,DAILY_BUDGET,2000,INR,6665,63,0.9452,722.42,11.47,108.39,6,6,2908.12,4.0255,24.8415,9.5238,484.69,46.16,0.436327,120.4,36.12,0,0.0,0
2026-07-06,168704135322778,SD VCPM finger paints Loop,Finger Paints,159287746377553,PAUSED,DAILY_BUDGET,500,INR,4375,6,0.1371,221.93,36.99,50.73,1,1,420.34,1.894,52.7977,16.6667,420.34,70.06,0.096078,221.93,44.39,0,0.0,0
2026-07-04,451444588145435,SB|Stencil|Ev,Stencil,136092957990149,PAUSED,DAILY_BUDGET,200,INR,53,0,0.0,0.0,,0.0,0,0,0.0,,,,,,0.0,,0.0,0,0.0,0
2026-07-05,470470482165433,SPM | Branded KW | New Launch | EV,Branded KWs,244185727769582,ENABLED,DAILY_BUDGET,1600,INR,567,5,0.8818,66.77,13.35,117.76,1,1,420.34,6.2953,15.8848,20.0,420.34,84.07,0.74134,66.77,4.17,0,0.0,0
2026-07-06,157241051545486,SPM|Phrase|Glue|EV,No Portfolio,-1,PAUSED,DAILY_BUDGET,425,INR,15,0,0.0,0.0,,0.0,0,0,0.0,,,,,,0.0,,0.0,0,0.0,0
2026-07-04,86884225172261,SPM|MaxCoverage|Finger paint|EV,No Portfolio,-1,ENABLED,DAILY_BUDGET,425,INR,492,2,0.4065,6.3,3.15,12.8,0,0,0.0,0.0,,0.0,,0.0,0.0,,1.48,0,0.0,0
2026-07-06,277990454199457,SPM|Playdough|Phrase|EV,No Portfolio,-1,PAUSED,DAILY_BUDGET,1000,INR,3187,16,0.502,350.3,21.89,109.92,0,0,0.0,0.0,,0.0,,0.0,0.0,,35.03,0,0.0,0
2026-07-06,291837356167536,ST CT | Flip Flap | EV,Flip Flap,2748744653088,PAUSED,DAILY_BUDGET,525,INR,337,3,0.8902,12.41,4.14,36.82,0,0,0.0,0.0,,0.0,,0.0,0.0,,2.36,0,0.0,0
2026-07-04,11637833927236,SPM|Exact|MagicPaintDust|EV,No Portfolio,-1,PAUSED,DAILY_BUDGET,2000,INR,905,8,0.884,147.73,18.47,163.24,0,0,0.0,0.0,,0.0,,0.0,0.0,,7.39,0,0.0,0
2026-07-06,278209549281730,SBV|B0FMFR1ZVN|NewPlayDough|EV,No Portfolio,-1,PAUSED,DAILY_BUDGET,500,INR,401,4,0.9975,53.6,13.4,133.67,0,0,0.0,0.0,,0.0,,0.0,0.0,,10.72,0,0.0,0
2026-07-06,473350929501931,SPT|Self|Crayon|EV,Crayons EV,168785445729730,ENABLED,DAILY_BUDGET,1400,INR,401,7,1.7456,94.88,13.55,236.61,2,2,770.82,8.1242,12.309,28.5714,385.41,110.12,1.922244,47.44,6.78,0,0.0,0
2026-07-06,476068278695542,SPT|COMP|Starter Painting Fun Pack|EV,Finger Paints,159287746377553,ENABLED,DAILY_BUDGET,2500,INR,226,1,0.4425,14.85,14.85,65.71,0,0,0.0,0.0,,0.0,,0.0,0.0,,0.59,0,0.0,0
2026-07-05,386094103151385,SPPT Low selling Asins on Top selling Asins evits,MIX,97346527170228,ENABLED,DAILY_BUDGET,750,INR,58,0,0.0,0.0,,0.0,0,0,0.0,,,,,,0.0,,0.0,0,0.0,0
2026-07-05,465213237078364,SP_PT_Paintbrushes_Alternate Purchase,Brush,193601647018990,PAUSED,DAILY_BUDGET,300,INR,58,1,1.7241,4.74,4.74,81.72,0,0,0.0,0.0,,0.0,,0.0,0.0,,1.58,0,0.0,0
2026-07-05,7902791986626,SBV | PT COMP | PLAYDOUGH KIT | EV,No Portfolio,-1,ENABLED,DAILY_BUDGET,300,INR,587,1,0.1704,10.58,10.58,18.02,0,0,0.0,0.0,,0.0,,0.0,0.0,,3.53,0,0.0,0
2026-07-04,106502393393870,SPM \ phrase | top asins | ev,No Portfolio,-1,PAUSED,DAILY_BUDGET,425,INR,119,0,0.0,0.0,,0.0,0,0,0.0,,,,,,0.0,,0.0,0,0.0,0
2026-07-06,274665725007226,SD|Crayon|EV,No Portfolio,-1,ENABLED,DAILY_BUDGET,500,INR,589,0,0.0,0.0,,0.0,0,0,0.0,,,,,,0.0,,0.0,0,0.0,0
2026-07-05,160598947008435,SPT|Bubble|EV,No Portfolio,-1,ENABLED,DAILY_BUDGET,425,INR,2321,14,0.6032,179.78,12.84,77.46,1,1,384.76,2.1402,46.7252,7.1429,384.76,27.48,0.165773,179.78,42.3,0,0.0,0
2026-07-05,346831860454384,SPA|Loose|fEV,MIX,97346527170228,PAUSED,DAILY_BUDGET,500,INR,7662,12,0.1566,50.6,4.22,6.6,0,0,0.0,0.0,,0.0,,0.0,0.0,,10.12,0,0.0,0
2026-07-06,58231345972563,SPA | SUBSTITUTE | CRAYONS | EV,No Portfolio,-1,PAUSED,DAILY_BUDGET,300,INR,0,0,,0.0,,,0,0,0.0,,,,,,,,0.0,0,0.0,0
2026-07-04,195661823815868,SPT | COMP | FLIP FLAP | EV,No Portfolio,-1,PAUSED,DAILY_BUDGET,400,INR,70,0,0.0,0.0,,0.0,0,0,0.0,,,,,,0.0,,0.0,0,0.0,0
2026-07-05,480922830906173,SPT|New Launch on Top|EV,MIX,97346527170228,ENABLED,DAILY_BUDGET,500,INR,62,0,0.0,0.0,,0.0,0,0,0.0,,,,,,0.0,,0.0,0,0.0,0
2026-07-04,236994616752429,SPM|Phrase|KW|Crayon|EV,Crayons EV,168785445729730,ENABLED,DAILY_BUDGET,425,INR,425,4,0.9412,49.32,12.33,116.05,0,0,0.0,0.0,,0.0,,0.0,0.0,,11.6,0,0.0,0
2026-07-04,87156513273619,SPT|All in one paint kit||EV,No Portfolio,-1,PAUSED,DAILY_BUDGET,975,INR,96,1,1.0417,16.74,16.74,174.37,0,0,0.0,0.0,,0.0,,0.0,0.0,,1.72,0,0.0,0
2026-07-05,531233961055732,SPCT | Paint Brush | EV,Brush,193601647018990,PAUSED,DAILY_BUDGET,200,INR,79,0,0.0,0.0,,0.0,0,0,0.0,,,,,,0.0,,0.0,0,0.0,0
2026-07-06,20789723317726,SPM|Phrase| Magic Bubbles |EV,No Portfolio,-1,PAUSED,DAILY_BUDGET,425,INR,444,0,0.0,0.0,,0.0,0,0,0.0,,,,,,0.0,,0.0,0,0.0,0
2026-07-06,203247723034269,SPM|FingerPaint|NewKW-1|EV,No Portfolio,-1,ENABLED,DAILY_BUDGET,500,INR,6081,24,0.3947,467.71,19.49,76.91,9,9,4455.71,9.5267,10.4969,37.5,495.08,185.65,0.732727,51.97,93.54,0,0.0,0
2026-07-04,194327606444428,SPT|All in one paint kit|EV,No Portfolio,-1,ENABLED,DAILY_BUDGET,800,INR,1318,22,1.6692,183.22,8.33,139.01,2,2,829.86,4.5293,22.0784,9.0909,414.93,37.72,0.629636,91.61,22.9,0,0.0,0
2026-07-05,191404326689136,SPM|Hand and Foot Print Kit|Phrase|EV,No Portfolio,-1,ENABLED,DAILY_BUDGET,800,INR,107,2,1.8692,11.38,5.69,106.36,0,0,0.0,0.0,,0.0,,0.0,0.0,,1.42,0,0.0,0
2026-07-06,71699999463624,SPT|B0CTHWVRJY|Market Basket Analysis|EV,No Portfolio,-1,ENABLED,DAILY_BUDGET,750,INR,378,5,1.3228,82.46,16.49,218.15,0,0,0.0,0.0,,0.0,,0.0,0.0,,10.99,0,0.0,0
2026-07-06,327546802363585,SPM|PT|Beeswax Crayons|PT|EV,Crayons EV,168785445729730,PAUSED,DAILY_BUDGET,400,INR,193,0,0.0,0.0,,0.0,0,0,0.0,,,,,,0.0,,0.0,0,0.0,0
2026-07-06,531233961055732,SPCT | Paint Brush | EV,Brush,193601647018990,PAUSED,DAILY_BUDGET,200,INR,106,0,0.0,0.0,,0.0,0,0,0.0,,,,,,0.0,,0.0,0,0.0,0
2026-07-04,240964410978689,SBV | COMP PT | SENSORY PLAYDOUGH | EV,No Portfolio,-1,ENABLED,DAILY_BUDGET,300,INR,3573,17,0.4758,258.53,15.21,72.36,0,0,0.0,0.0,,0.0,,0.0,0.0,,86.18,0,0.0,0
2026-07-05,48634121504600,SPT|B09F3DTZDF|Market Basket Analysis|EV,No Portfolio,-1,ENABLED,DAILY_BUDGET,425,INR,0,0,,0.0,,,0,0,0.0,,,,,,,,0.0,0,0.0,0
2026-07-05,274665725007226,SD|Crayon|EV,No Portfolio,-1,ENABLED,DAILY_BUDGET,500,INR,679,0,0.0,0.0,,0.0,0,0,0.0,,,,,,0.0,,0.0,0,0.0,0
2026-07-04,191665720634014,SPM | PHRASE | prime day | finger paint | EV,No Portfolio,-1,PAUSED,DAILY_BUDGET,2000,INR,39612,89,0.2247,2000.85,22.48,50.51,4,4,1907.82,0.9535,104.8762,4.4944,476.96,21.44,0.048163,500.21,100.04,0,0.0,0
2026-07-05,302299248446612,SPT - Paint Dust+ABC Trace | EV,MIX,97346527170228,ENABLED,DAILY_BUDGET,800,INR,175,7,4.0,54.38,7.77,310.74,2,2,560.96,10.3156,9.6941,28.5714,280.48,80.14,3.205486,27.19,6.8,0,0.0,0
2026-07-06,344257502916404,SPM|PlayDough|Organic Rank-2|EV,Play Dough,35432676096043,PAUSED,DAILY_BUDGET,500,INR,62,0,0.0,0.0,,0.0,0,0,0.0,,,,,,0.0,,0.0,0,0.0,0
2026-07-04,520168155591740,SPM|Branded|Exact|PlayDough|EV,Play Dough,35432676096043,ENABLED,DAILY_BUDGET,500,INR,669,4,0.5979,63.19,15.8,94.45,0,0,0.0,0.0,,0.0,,0.0,0.0,,12.64,0,0.0,0
2026-07-06,176984985432208,SPM|Phrase|HighIS|Fingerpaint|EV,No Portfolio,-1,ENABLED,DAILY_BUDGET,425,INR,8,0,0.0,0.0,,0.0,0,0,0.0,,,,,,0.0,,0.0,0,0.0,0
2026-07-05,424566667830225,SPM|Broad|Crayons|EV,Crayons EV,168785445729730,ENABLED,DAILY_BUDGET,400,INR,1,0,0.0,0.0,,0.0,0,0,0.0,,,,,,0.0,,0.0,0,0.0,0
2026-07-05,121128522600745,SPT|Crayon|EV,No Portfolio,-1,PAUSED,DAILY_BUDGET,1000,INR,3498,18,0.5146,176.69,9.82,50.51,1,1,350.48,1.9836,50.4137,5.5556,350.48,19.47,0.100194,176.69,17.67,0,0.0,0
2026-07-06,202163593914826,SPT COMP | EXACT | Imagimake1 | EV,No Portfolio,-1,ENABLED,DAILY_BUDGET,200,INR,75,2,2.6667,12.92,6.46,172.27,0,0,0.0,0.0,,0.0,,0.0,0.0,,6.46,0,0.0,0
2026-07-05,43772916710120,SPM | PHRASE | Unicorn Stencil | EV,No Portfolio,-1,ENABLED,DAILY_BUDGET,350,INR,13,0,0.0,0.0,,0.0,0,0,0.0,,,,,,0.0,,0.0,0,0.0,0
2026-07-04,152650728261797,SPT|Sensory Rice Kit |EV,No Portfolio,-1,ENABLED,DAILY_BUDGET,425,INR,455,8,1.7582,70.28,8.78,154.46,2,2,1509.32,21.4758,4.6564,25.0,754.66,188.66,3.317187,35.14,16.54,0,0.0,0
2026-07-04,71699999463624,SPT|B0CTHWVRJY|Market Basket Analysis|EV,No Portfolio,-1,ENABLED,DAILY_BUDGET,750,INR,456,3,0.6579,55.87,18.62,122.52,0,0,0.0,0.0,,0.0,,0.0,0.0,,7.45,0,0.0,0
2026-07-06,6300601943430,SPT|Brush Set|EV,No Portfolio,-1,PAUSED,DAILY_BUDGET,400,INR,127,0,0.0,0.0,,0.0,0,0,0.0,,,,,,0.0,,0.0,0,0.0,0
2026-07-06,478799210489673,SPA_Combos_brush_evits,Brush,193601647018990,PAUSED,DAILY_BUDGET,200,INR,3946,11,0.2788,44.52,4.05,11.28,0,0,0.0,0.0,,0.0,,0.0,0.0,,22.26,0,0.0,0
2026-07-04,159756310600623,SPT|Colouring Page|EV,No Portfolio,-1,ENABLED,DAILY_BUDGET,600,INR,153,2,1.3072,26.9,13.45,175.82,0,0,0.0,0.0,,0.0,,0.0,0.0,,4.48,0,0.0,0
2026-07-05,246957273103533,SPM|Phrase|All in one paint kit|EV,No Portfolio,-1,ENABLED,DAILY_BUDGET,975,INR,34,0,0.0,0.0,,0.0,0,0,0.0,,,,,,0.0,,0.0,0,0.0,0
2026-07-04,532504289153383,SB|PT|EV,Finger Paints,159287746377553,ENABLED,DAILY_BUDGET,1600,INR,5142,26,0.5056,165.59,6.37,32.2,4,4,1600.68,9.6665,10.345,15.3846,400.17,61.56,0.311295,41.4,10.35,3,1180.34,3
2026-07-06,172460400563162,SPT|B0CV1653HN||Market Basket Analysis|EV,No Portfolio,-1,ENABLED,DAILY_BUDGET,300,INR,7,0,0.0,0.0,,0.0,0,0,0.0,,,,,,0.0,,0.0,0,0.0,0
2026-07-06,194327606444428,SPT|All in one paint kit|EV,No Portfolio,-1,ENABLED,DAILY_BUDGET,800,INR,448,5,1.1161,39.14,7.83,87.37,0,0,0.0,0.0,,0.0,,0.0,0.0,,4.89,0,0.0,0
2026-07-05,188043233089821,SPM | PHRASE | APRON | EV,No Portfolio,-1,ENABLED,DAILY_BUDGET,450,INR,41,0,0.0,0.0,,0.0,0,0,0.0,,,,,,0.0,,0.0,0,0.0,0
2026-07-05,87156513273619,SPT|All in one paint kit||EV,No Portfolio,-1,PAUSED,DAILY_BUDGET,975,INR,82,0,0.0,0.0,,0.0,0,0,0.0,,,,,,0.0,,0.0,0,0.0,0
2026-07-06,231753058693712,SPT|Finger Paints|Comp|EV,Finger Paints,159287746377553,ENABLED,DAILY_BUDGET,900,INR,1126,11,0.9769,166.89,15.17,148.21,0,0,0.0,0.0,,0.0,,0.0,0.0,,18.54,0,0.0,0
2026-07-04,264272327799221,SPT SELF | EXACT | FINGER PAINT | EV,No Portfolio,-1,ENABLED,DAILY_BUDGET,200,INR,4,0,0.0,0.0,,0.0,0,0,0.0,,,,,,0.0,,0.0,0,0.0,0
2026-07-05,35955913989064,SPM|Phrase | prime day |MixASIN-1|EV,No Portfolio,-1,ENABLED,DAILY_BUDGET,2000,INR,44550,124,0.2783,2396.31,19.33,53.79,8,8,3694.29,1.5417,64.8652,6.4516,461.79,29.79,0.082925,299.54,119.82,0,0.0,0
2026-07-04,111841553039297,SPM | PHRASE | BRUSH | EV,No Portfolio,-1,PAUSED,DAILY_BUDGET,450,INR,1880,3,0.1596,23.34,7.78,12.41,0,0,0.0,0.0,,0.0,,0.0,0.0,,5.19,0,0.0,0
2026-07-06,92623729540566,SPM | PHRASE | Gift combo pack | EV,No Portfolio,-1,ENABLED,DAILY_BUDGET,400,INR,52,0,0.0,0.0,,0.0,0,0,0.0,,,,,,0.0,,0.0,0,0.0,0
